NODE_1_length_47351_cov_117.710846	1450538	strain	Aspergillus violaceofuscus CBS 115571	2	2	2	1.000	Fungi;Ascomycota;Aspergillaceae	-_cellular organisms;d_Eukaryota;-_Opisthokonta;k_Fungi;-_Dikarya;p_Ascomycota;-_saccharomyceta;-_Pezizomycotina;-_leotiomyceta;c_Eurotiomycetes;-_Eurotiomycetidae;o_Eurotiales;f_Aspergillaceae;g_Aspergillus;s_Aspergillus violaceofuscus;-_Aspergillus violaceofuscus CBS 115571
NODE_2_length_46667_cov_132.015170	2759	superkingdom	Eukaryota	8	7	6	0.800	uc_Eukaryota;uc_Eukaryota;uc_Eukaryota	-_cellular organisms;d_Eukaryota
NODE_4_length_31554_cov_121.099246	29916	species	Fusarium sp.	4	4	3	0.520	Fungi;Ascomycota;Nectriaceae	-_cellular organisms;d_Eukaryota;-_Opisthokonta;k_Fungi;-_Dikarya;p_Ascomycota;-_saccharomyceta;-_Pezizomycotina;-_leotiomyceta;-_sordariomyceta;c_Sordariomycetes;-_Hypocreomycetidae;o_Hypocreales;f_Nectriaceae;g_Fusarium;-_unclassified Fusarium;s_Fusarium sp.
NODE_5_length_26100_cov_132.030339	36650	species	Penicillium aethiopicum	20	20	14	0.610	Fungi;Ascomycota;Aspergillaceae	-_cellular organisms;d_Eukaryota;-_Opisthokonta;k_Fungi;-_Dikarya;p_Ascomycota;-_saccharomyceta;-_Pezizomycotina;-_leotiomyceta;c_Eurotiomycetes;-_Eurotiomycetidae;o_Eurotiales;f_Aspergillaceae;g_Penicillium;s_Penicillium aethiopicum
NODE_6_length_25927_cov_128.893798	716546	clade	leotiomyceta	6	6	4	0.670	Fungi;Ascomycota;unknown	-_cellular organisms;d_Eukaryota;-_Opisthokonta;k_Fungi;-_Dikarya;p_Ascomycota;-_saccharomyceta;-_Pezizomycotina;-_leotiomyceta
NODE_7_length_23176_cov_122.731789	716546	clade	leotiomyceta	4	3	2	0.910	Fungi;Ascomycota;unknown	-_cellular organisms;d_Eukaryota;-_Opisthokonta;k_Fungi;-_Dikarya;p_Ascomycota;-_saccharomyceta;-_Pezizomycotina;-_leotiomyceta
NODE_8_length_23083_cov_127.466153	2747968	species	Fusarium vanettenii	2	2	1	0.500	Fungi;Ascomycota;Nectriaceae	-_cellular organisms;d_Eukaryota;-_Opisthokonta;k_Fungi;-_Dikarya;p_Ascomycota;-_saccharomyceta;-_Pezizomycotina;-_leotiomyceta;-_sordariomyceta;c_Sordariomycetes;-_Hypocreomycetidae;o_Hypocreales;f_Nectriaceae;g_Fusarium;-_Fusarium solani species complex;s_Fusarium vanettenii
NODE_11_length_19735_cov_127.774684	716546	clade	leotiomyceta	2	2	2	1.000	Fungi;Ascomycota;unknown	-_cellular organisms;d_Eukaryota;-_Opisthokonta;k_Fungi;-_Dikarya;p_Ascomycota;-_saccharomyceta;-_Pezizomycotina;-_leotiomyceta
NODE_12_length_18376_cov_120.256233	147550	class	Sordariomycetes	4	4	2	0.500	Fungi;Ascomycota;uc_Sordariomycetes	-_cellular organisms;d_Eukaryota;-_Opisthokonta;k_Fungi;-_Dikarya;p_Ascomycota;-_saccharomyceta;-_Pezizomycotina;-_leotiomyceta;-_sordariomyceta;c_Sordariomycetes
NODE_13_length_18236_cov_132.495610	559292	strain	Saccharomyces cerevisiae S288C	2	2	1	0.950	Fungi;Ascomycota;Saccharomycetaceae	-_cellular organisms;d_Eukaryota;-_Opisthokonta;k_Fungi;-_Dikarya;p_Ascomycota;-_saccharomyceta;-_Saccharomycotina;c_Saccharomycetes;o_Saccharomycetales;f_Saccharomycetaceae;g_Saccharomyces;s_Saccharomyces cerevisiae;-_Saccharomyces cerevisiae S288C
NODE_14_length_17855_cov_126.092509	451864	subkingdom	Dikarya	7	7	5	0.670	Fungi;uc_Dikarya;uc_Dikarya	-_cellular organisms;d_Eukaryota;-_Opisthokonta;k_Fungi;-_Dikarya
NODE_15_length_17295_cov_129.916473	716546	clade	leotiomyceta	7	7	6	0.840	Fungi;Ascomycota;unknown	-_cellular organisms;d_Eukaryota;-_Opisthokonta;k_Fungi;-_Dikarya;p_Ascomycota;-_saccharomyceta;-_Pezizomycotina;-_leotiomyceta
NODE_17_length_16793_cov_139.364695	0	no rank	unclassified	1	0	0	0.000		
NODE_18_length_14960_cov_112.249983	2720871	subgenus	Aspergillus subgen. Circumdati	1	1	1	1.000	Fungi;Ascomycota;Aspergillaceae	-_cellular organisms;d_Eukaryota;-_Opisthokonta;k_Fungi;-_Dikarya;p_Ascomycota;-_saccharomyceta;-_Pezizomycotina;-_leotiomyceta;c_Eurotiomycetes;-_Eurotiomycetidae;o_Eurotiales;f_Aspergillaceae;g_Aspergillus;-_Aspergillus subgen. Circumdati
NODE_19_length_14341_cov_101.769875	4890	phylum	Ascomycota	5	5	4	0.750	Fungi;Ascomycota;uc_Ascomycota	-_cellular organisms;d_Eukaryota;-_Opisthokonta;k_Fungi;-_Dikarya;p_Ascomycota
NODE_20_length_14248_cov_130.745344	716546	clade	leotiomyceta	2	2	1	0.500	Fungi;Ascomycota;unknown	-_cellular organisms;d_Eukaryota;-_Opisthokonta;k_Fungi;-_Dikarya;p_Ascomycota;-_saccharomyceta;-_Pezizomycotina;-_leotiomyceta
NODE_23_length_12496_cov_113.264856	1131492	family	Aspergillaceae	2	1	1	1.000	Fungi;Ascomycota;Aspergillaceae	-_cellular organisms;d_Eukaryota;-_Opisthokonta;k_Fungi;-_Dikarya;p_Ascomycota;-_saccharomyceta;-_Pezizomycotina;-_leotiomyceta;c_Eurotiomycetes;-_Eurotiomycetidae;o_Eurotiales;f_Aspergillaceae
NODE_24_length_12446_cov_114.816544	716546	clade	leotiomyceta	8	7	7	1.000	Fungi;Ascomycota;unknown	-_cellular organisms;d_Eukaryota;-_Opisthokonta;k_Fungi;-_Dikarya;p_Ascomycota;-_saccharomyceta;-_Pezizomycotina;-_leotiomyceta
NODE_25_length_12339_cov_160.265558	5052	genus	Aspergillus	1	1	1	1.000	Fungi;Ascomycota;Aspergillaceae	-_cellular organisms;d_Eukaryota;-_Opisthokonta;k_Fungi;-_Dikarya;p_Ascomycota;-_saccharomyceta;-_Pezizomycotina;-_leotiomyceta;c_Eurotiomycetes;-_Eurotiomycetidae;o_Eurotiales;f_Aspergillaceae;g_Aspergillus
NODE_26_length_12319_cov_124.430036	4890	phylum	Ascomycota	4	4	4	1.000	Fungi;Ascomycota;uc_Ascomycota	-_cellular organisms;d_Eukaryota;-_Opisthokonta;k_Fungi;-_Dikarya;p_Ascomycota
NODE_27_length_12189_cov_107.353673	425011	strain	Aspergillus niger CBS 513.88	2	2	2	1.000	Fungi;Ascomycota;Aspergillaceae	-_cellular organisms;d_Eukaryota;-_Opisthokonta;k_Fungi;-_Dikarya;p_Ascomycota;-_saccharomyceta;-_Pezizomycotina;-_leotiomyceta;c_Eurotiomycetes;-_Eurotiomycetidae;o_Eurotiales;f_Aspergillaceae;g_Aspergillus;-_Aspergillus subgen. Circumdati;s_Aspergillus niger;-_Aspergillus niger CBS 513.88
NODE_28_length_11768_cov_136.940040	1	no rank	root	1	1	1	1.000	unknown;unknown;unknown	-_root
NODE_30_length_10584_cov_86.163240	4751	kingdom	Fungi	7	7	7	1.000	Fungi;uc_Fungi;uc_Fungi	-_cellular organisms;d_Eukaryota;-_Opisthokonta;k_Fungi
NODE_35_length_9681_cov_103.206510	284812	strain	Schizosaccharomyces pombe 972h-	7	5	3	0.510	Fungi;Ascomycota;Schizosaccharomycetaceae	-_cellular organisms;d_Eukaryota;-_Opisthokonta;k_Fungi;-_Dikarya;p_Ascomycota;-_Taphrinomycotina;c_Schizosaccharomycetes;o_Schizosaccharomycetales;f_Schizosaccharomycetaceae;g_Schizosaccharomyces;s_Schizosaccharomyces pombe;-_Schizosaccharomyces pombe 972h-
NODE_36_length_9495_cov_119.336785	454130	species	Aspergillus calidoustus	1	1	1	1.000	Fungi;Ascomycota;Aspergillaceae	-_cellular organisms;d_Eukaryota;-_Opisthokonta;k_Fungi;-_Dikarya;p_Ascomycota;-_saccharomyceta;-_Pezizomycotina;-_leotiomyceta;c_Eurotiomycetes;-_Eurotiomycetidae;o_Eurotiales;f_Aspergillaceae;g_Aspergillus;-_Aspergillus subgen. Nidulantes;s_Aspergillus calidoustus
NODE_37_length_9438_cov_67.469767	716545	clade	saccharomyceta	3	3	2	0.670	Fungi;Ascomycota;unknown	-_cellular organisms;d_Eukaryota;-_Opisthokonta;k_Fungi;-_Dikarya;p_Ascomycota;-_saccharomyceta
NODE_44_length_8622_cov_128.904061	1131492	family	Aspergillaceae	3	3	3	1.000	Fungi;Ascomycota;Aspergillaceae	-_cellular organisms;d_Eukaryota;-_Opisthokonta;k_Fungi;-_Dikarya;p_Ascomycota;-_saccharomyceta;-_Pezizomycotina;-_leotiomyceta;c_Eurotiomycetes;-_Eurotiomycetidae;o_Eurotiales;f_Aspergillaceae
NODE_45_length_8384_cov_113.246700	0	no rank	unclassified	1	0	0	0.000		
NODE_46_length_7868_cov_134.824570	131567	no rank	cellular organisms	1	1	1	1.000	unknown;unknown;unknown	-_cellular organisms
NODE_48_length_7600_cov_133.428342	4890	phylum	Ascomycota	1	1	1	1.000	Fungi;Ascomycota;uc_Ascomycota	-_cellular organisms;d_Eukaryota;-_Opisthokonta;k_Fungi;-_Dikarya;p_Ascomycota
NODE_315_length_1168_cov_0.943324	451864	subkingdom	Dikarya	1	1	1	1.000	Fungi;uc_Dikarya;uc_Dikarya	-_cellular organisms;d_Eukaryota;-_Opisthokonta;k_Fungi;-_Dikarya
NODE_317_length_1160_cov_41.467570	2203296	species	Sarocladium sp. 'schorii'	1	1	1	1.000	Fungi;Ascomycota;Sarocladiaceae	-_cellular organisms;d_Eukaryota;-_Opisthokonta;k_Fungi;-_Dikarya;p_Ascomycota;-_saccharomyceta;-_Pezizomycotina;-_leotiomyceta;-_sordariomyceta;c_Sordariomycetes;-_Hypocreomycetidae;o_Hypocreales;f_Sarocladiaceae;g_Sarocladium;-_unclassified Sarocladium;s_Sarocladium sp. 'schorii'
NODE_341_length_1082_cov_0.500524	237631	strain	Ustilago maydis 521	1	1	1	1.000	Fungi;Basidiomycota;Ustilaginaceae	-_cellular organisms;d_Eukaryota;-_Opisthokonta;k_Fungi;-_Dikarya;p_Basidiomycota;-_Ustilaginomycotina;c_Ustilaginomycetes;o_Ustilaginales;f_Ustilaginaceae;g_Ustilago;s_Ustilago maydis;-_Ustilago maydis 521
NODE_342_length_1080_cov_0.215110	3702	species	Arabidopsis thaliana	1	1	1	1.000	Viridiplantae;Streptophyta;Brassicaceae	-_cellular organisms;d_Eukaryota;k_Viridiplantae;p_Streptophyta;-_Streptophytina;-_Embryophyta;-_Tracheophyta;-_Euphyllophyta;-_Spermatophyta;c_Magnoliopsida;-_Mesangiospermae;-_eudicotyledons;-_Gunneridae;-_Pentapetalae;-_rosids;-_malvids;o_Brassicales;f_Brassicaceae;-_Camelineae;g_Arabidopsis;s_Arabidopsis thaliana
NODE_365_length_1012_cov_0.179661	9606	species	Homo sapiens	1	1	1	1.000	Metazoa;Chordata;Hominidae	-_cellular organisms;d_Eukaryota;-_Opisthokonta;k_Metazoa;-_Eumetazoa;-_Bilateria;-_Deuterostomia;p_Chordata;-_Craniata;-_Vertebrata;-_Gnathostomata;-_Teleostomi;-_Euteleostomi;-_Sarcopterygii;-_Dipnotetrapodomorpha;-_Tetrapoda;-_Amniota;c_Mammalia;-_Theria;-_Eutheria;-_Boreoeutheria;-_Euarchontoglires;o_Primates;-_Haplorrhini;-_Simiiformes;-_Catarrhini;-_Hominoidea;f_Hominidae;-_Homininae;g_Homo;s_Homo sapiens
NODE_366_length_1011_cov_31.713801	716546	clade	leotiomyceta	3	3	2	0.970	Fungi;Ascomycota;unknown	-_cellular organisms;d_Eukaryota;-_Opisthokonta;k_Fungi;-_Dikarya;p_Ascomycota;-_saccharomyceta;-_Pezizomycotina;-_leotiomyceta
NODE_373_length_993_cov_0.369515	9606	species	Homo sapiens	2	2	2	1.000	Metazoa;Chordata;Hominidae	-_cellular organisms;d_Eukaryota;-_Opisthokonta;k_Metazoa;-_Eumetazoa;-_Bilateria;-_Deuterostomia;p_Chordata;-_Craniata;-_Vertebrata;-_Gnathostomata;-_Teleostomi;-_Euteleostomi;-_Sarcopterygii;-_Dipnotetrapodomorpha;-_Tetrapoda;-_Amniota;c_Mammalia;-_Theria;-_Eutheria;-_Boreoeutheria;-_Euarchontoglires;o_Primates;-_Haplorrhini;-_Simiiformes;-_Catarrhini;-_Hominoidea;f_Hominidae;-_Homininae;g_Homo;s_Homo sapiens
NODE_376_length_989_cov_1.039443	284812	strain	Schizosaccharomyces pombe 972h-	1	1	1	1.000	Fungi;Ascomycota;Schizosaccharomycetaceae	-_cellular organisms;d_Eukaryota;-_Opisthokonta;k_Fungi;-_Dikarya;p_Ascomycota;-_Taphrinomycotina;c_Schizosaccharomycetes;o_Schizosaccharomycetales;f_Schizosaccharomycetaceae;g_Schizosaccharomyces;s_Schizosaccharomyces pombe;-_Schizosaccharomyces pombe 972h-
NODE_1316_length_405_cov_0.064748	9606	species	Homo sapiens	1	1	1	1.000	Metazoa;Chordata;Hominidae	-_cellular organisms;d_Eukaryota;-_Opisthokonta;k_Metazoa;-_Eumetazoa;-_Bilateria;-_Deuterostomia;p_Chordata;-_Craniata;-_Vertebrata;-_Gnathostomata;-_Teleostomi;-_Euteleostomi;-_Sarcopterygii;-_Dipnotetrapodomorpha;-_Tetrapoda;-_Amniota;c_Mammalia;-_Theria;-_Eutheria;-_Boreoeutheria;-_Euarchontoglires;o_Primates;-_Haplorrhini;-_Simiiformes;-_Catarrhini;-_Hominoidea;f_Hominidae;-_Homininae;g_Homo;s_Homo sapiens
NODE_1333_length_401_cov_0.748175	9606	species	Homo sapiens	4	4	4	1.000	Metazoa;Chordata;Hominidae	-_cellular organisms;d_Eukaryota;-_Opisthokonta;k_Metazoa;-_Eumetazoa;-_Bilateria;-_Deuterostomia;p_Chordata;-_Craniata;-_Vertebrata;-_Gnathostomata;-_Teleostomi;-_Euteleostomi;-_Sarcopterygii;-_Dipnotetrapodomorpha;-_Tetrapoda;-_Amniota;c_Mammalia;-_Theria;-_Eutheria;-_Boreoeutheria;-_Euarchontoglires;o_Primates;-_Haplorrhini;-_Simiiformes;-_Catarrhini;-_Hominoidea;f_Hominidae;-_Homininae;g_Homo;s_Homo sapiens
NODE_1256_length_417_cov_6.741379	716546	clade	leotiomyceta	1	1	1	1.000	Fungi;Ascomycota;unknown	-_cellular organisms;d_Eukaryota;-_Opisthokonta;k_Fungi;-_Dikarya;p_Ascomycota;-_saccharomyceta;-_Pezizomycotina;-_leotiomyceta
NODE_1260_length_416_cov_0.750865	5529	genus	Metarhizium	1	1	1	1.000	Fungi;Ascomycota;Clavicipitaceae	-_cellular organisms;d_Eukaryota;-_Opisthokonta;k_Fungi;-_Dikarya;p_Ascomycota;-_saccharomyceta;-_Pezizomycotina;-_leotiomyceta;-_sordariomyceta;c_Sordariomycetes;-_Hypocreomycetidae;o_Hypocreales;f_Clavicipitaceae;g_Metarhizium
NODE_115_length_3018_cov_100.220339	716546	clade	leotiomyceta	3	3	3	1.000	Fungi;Ascomycota;unknown	-_cellular organisms;d_Eukaryota;-_Opisthokonta;k_Fungi;-_Dikarya;p_Ascomycota;-_saccharomyceta;-_Pezizomycotina;-_leotiomyceta
NODE_126_length_2763_cov_119.356222	2759	superkingdom	Eukaryota	1	1	1	1.000	uc_Eukaryota;uc_Eukaryota;uc_Eukaryota	-_cellular organisms;d_Eukaryota
NODE_138_length_2552_cov_145.027216	716546	clade	leotiomyceta	3	3	3	1.000	Fungi;Ascomycota;unknown	-_cellular organisms;d_Eukaryota;-_Opisthokonta;k_Fungi;-_Dikarya;p_Ascomycota;-_saccharomyceta;-_Pezizomycotina;-_leotiomyceta
NODE_154_length_2208_cov_86.287842	716546	clade	leotiomyceta	2	2	2	1.000	Fungi;Ascomycota;unknown	-_cellular organisms;d_Eukaryota;-_Opisthokonta;k_Fungi;-_Dikarya;p_Ascomycota;-_saccharomyceta;-_Pezizomycotina;-_leotiomyceta
NODE_157_length_2149_cov_137.836301	716546	clade	leotiomyceta	1	1	1	1.000	Fungi;Ascomycota;unknown	-_cellular organisms;d_Eukaryota;-_Opisthokonta;k_Fungi;-_Dikarya;p_Ascomycota;-_saccharomyceta;-_Pezizomycotina;-_leotiomyceta
NODE_177_length_1980_cov_133.175931	229533	strain	Fusarium graminearum PH-1	4	4	4	1.000	Fungi;Ascomycota;Nectriaceae	-_cellular organisms;d_Eukaryota;-_Opisthokonta;k_Fungi;-_Dikarya;p_Ascomycota;-_saccharomyceta;-_Pezizomycotina;-_leotiomyceta;-_sordariomyceta;c_Sordariomycetes;-_Hypocreomycetidae;o_Hypocreales;f_Nectriaceae;g_Fusarium;-_Fusarium sambucinum species complex;s_Fusarium graminearum;-_Fusarium graminearum PH-1
NODE_180_length_1940_cov_102.440154	33050	species	Sphingopyxis macrogoltabida	1	1	1	1.000	unknown;Pseudomonadota;Sphingomonadaceae	-_cellular organisms;d_Bacteria;p_Pseudomonadota;c_Alphaproteobacteria;o_Sphingomonadales;f_Sphingomonadaceae;g_Sphingopyxis;s_Sphingopyxis macrogoltabida
NODE_182_length_1934_cov_137.835639	716546	clade	leotiomyceta	3	3	3	1.000	Fungi;Ascomycota;unknown	-_cellular organisms;d_Eukaryota;-_Opisthokonta;k_Fungi;-_Dikarya;p_Ascomycota;-_saccharomyceta;-_Pezizomycotina;-_leotiomyceta
NODE_435_length_873_cov_0.154155	284812	strain	Schizosaccharomyces pombe 972h-	1	1	1	1.000	Fungi;Ascomycota;Schizosaccharomycetaceae	-_cellular organisms;d_Eukaryota;-_Opisthokonta;k_Fungi;-_Dikarya;p_Ascomycota;-_Taphrinomycotina;c_Schizosaccharomycetes;o_Schizosaccharomycetales;f_Schizosaccharomycetaceae;g_Schizosaccharomyces;s_Schizosaccharomyces pombe;-_Schizosaccharomyces pombe 972h-
NODE_443_length_855_cov_0.836538	237631	strain	Ustilago maydis 521	1	1	1	1.000	Fungi;Basidiomycota;Ustilaginaceae	-_cellular organisms;d_Eukaryota;-_Opisthokonta;k_Fungi;-_Dikarya;p_Basidiomycota;-_Ustilaginomycotina;c_Ustilaginomycetes;o_Ustilaginales;f_Ustilaginaceae;g_Ustilago;s_Ustilago maydis;-_Ustilago maydis 521
NODE_666_length_642_cov_0.892216	1	no rank	root	1	1	1	1.000	unknown;unknown;unknown	-_root
NODE_703_length_601_cov_0.597046	7227	species	Drosophila melanogaster	1	1	1	1.000	Metazoa;Arthropoda;Drosophilidae	-_cellular organisms;d_Eukaryota;-_Opisthokonta;k_Metazoa;-_Eumetazoa;-_Bilateria;-_Protostomia;-_Ecdysozoa;-_Panarthropoda;p_Arthropoda;-_Mandibulata;-_Pancrustacea;-_Hexapoda;c_Insecta;-_Dicondylia;-_Pterygota;-_Neoptera;-_Endopterygota;o_Diptera;-_Brachycera;-_Muscomorpha;-_Eremoneura;-_Cyclorrhapha;-_Schizophora;-_Acalyptratae;-_Ephydroidea;f_Drosophilidae;-_Drosophilinae;-_Drosophilini;g_Drosophila;-_Sophophora;-_melanogaster group;-_melanogaster subgroup;s_Drosophila melanogaster
NODE_747_length_573_cov_0.515695	9606	species	Homo sapiens	2	2	2	1.000	Metazoa;Chordata;Hominidae	-_cellular organisms;d_Eukaryota;-_Opisthokonta;k_Metazoa;-_Eumetazoa;-_Bilateria;-_Deuterostomia;p_Chordata;-_Craniata;-_Vertebrata;-_Gnathostomata;-_Teleostomi;-_Euteleostomi;-_Sarcopterygii;-_Dipnotetrapodomorpha;-_Tetrapoda;-_Amniota;c_Mammalia;-_Theria;-_Eutheria;-_Boreoeutheria;-_Euarchontoglires;o_Primates;-_Haplorrhini;-_Simiiformes;-_Catarrhini;-_Hominoidea;f_Hominidae;-_Homininae;g_Homo;s_Homo sapiens
NODE_557_length_708_cov_90.857143	716546	clade	leotiomyceta	1	1	1	1.000	Fungi;Ascomycota;unknown	-_cellular organisms;d_Eukaryota;-_Opisthokonta;k_Fungi;-_Dikarya;p_Ascomycota;-_saccharomyceta;-_Pezizomycotina;-_leotiomyceta
NODE_566_length_700_cov_81.748691	716546	clade	leotiomyceta	2	2	2	1.000	Fungi;Ascomycota;unknown	-_cellular organisms;d_Eukaryota;-_Opisthokonta;k_Fungi;-_Dikarya;p_Ascomycota;-_saccharomyceta;-_Pezizomycotina;-_leotiomyceta
NODE_1006_length_474_cov_0.824207	237631	strain	Ustilago maydis 521	1	1	1	1.000	Fungi;Basidiomycota;Ustilaginaceae	-_cellular organisms;d_Eukaryota;-_Opisthokonta;k_Fungi;-_Dikarya;p_Basidiomycota;-_Ustilaginomycotina;c_Ustilaginomycetes;o_Ustilaginales;f_Ustilaginaceae;g_Ustilago;s_Ustilago maydis;-_Ustilago maydis 521
NODE_1008_length_474_cov_0.657061	237631	strain	Ustilago maydis 521	1	1	1	1.000	Fungi;Basidiomycota;Ustilaginaceae	-_cellular organisms;d_Eukaryota;-_Opisthokonta;k_Fungi;-_Dikarya;p_Basidiomycota;-_Ustilaginomycotina;c_Ustilaginomycetes;o_Ustilaginales;f_Ustilaginaceae;g_Ustilago;s_Ustilago maydis;-_Ustilago maydis 521
NODE_1071_length_457_cov_0.706061	5334	species	Schizophyllum commune	1	1	1	1.000	Fungi;Basidiomycota;Schizophyllaceae	-_cellular organisms;d_Eukaryota;-_Opisthokonta;k_Fungi;-_Dikarya;p_Basidiomycota;-_Agaricomycotina;c_Agaricomycetes;-_Agaricomycetidae;o_Agaricales;-_Schizophyllineae;f_Schizophyllaceae;g_Schizophyllum;s_Schizophyllum commune
NODE_1072_length_457_cov_0.390909	284812	strain	Schizosaccharomyces pombe 972h-	1	1	1	1.000	Fungi;Ascomycota;Schizosaccharomycetaceae	-_cellular organisms;d_Eukaryota;-_Opisthokonta;k_Fungi;-_Dikarya;p_Ascomycota;-_Taphrinomycotina;c_Schizosaccharomycetes;o_Schizosaccharomycetales;f_Schizosaccharomycetaceae;g_Schizosaccharomyces;s_Schizosaccharomyces pombe;-_Schizosaccharomyces pombe 972h-
NODE_1083_length_455_cov_1.338415	2982316	suborder	Marasmiineae	1	1	1	1.000	Fungi;Basidiomycota;uc_Marasmiineae	-_cellular organisms;d_Eukaryota;-_Opisthokonta;k_Fungi;-_Dikarya;p_Basidiomycota;-_Agaricomycotina;c_Agaricomycetes;-_Agaricomycetidae;o_Agaricales;-_Marasmiineae
NODE_1097_length_452_cov_0.372308	6237	genus	Caenorhabditis	1	1	1	1.000	Metazoa;Nematoda;Rhabditidae	-_cellular organisms;d_Eukaryota;-_Opisthokonta;k_Metazoa;-_Eumetazoa;-_Bilateria;-_Protostomia;-_Ecdysozoa;p_Nematoda;c_Chromadorea;o_Rhabditida;-_Rhabditina;-_Rhabditomorpha;-_Rhabditoidea;f_Rhabditidae;-_Peloderinae;g_Caenorhabditis
NODE_1173_length_434_cov_17.524430	380704	strain	Aspergillus niger ATCC 1015	1	1	1	1.000	Fungi;Ascomycota;Aspergillaceae	-_cellular organisms;d_Eukaryota;-_Opisthokonta;k_Fungi;-_Dikarya;p_Ascomycota;-_saccharomyceta;-_Pezizomycotina;-_leotiomyceta;c_Eurotiomycetes;-_Eurotiomycetidae;o_Eurotiales;f_Aspergillaceae;g_Aspergillus;-_Aspergillus subgen. Circumdati;s_Aspergillus niger;-_Aspergillus niger ATCC 1015
NODE_1177_length_433_cov_0.686275	33154	clade	Opisthokonta	1	1	1	1.000	unknown;unknown;unknown	-_cellular organisms;d_Eukaryota;-_Opisthokonta
NODE_200_length_1768_cov_107.347959	332952	strain	Aspergillus flavus NRRL3357	1	1	1	1.000	Fungi;Ascomycota;Aspergillaceae	-_cellular organisms;d_Eukaryota;-_Opisthokonta;k_Fungi;-_Dikarya;p_Ascomycota;-_saccharomyceta;-_Pezizomycotina;-_leotiomyceta;c_Eurotiomycetes;-_Eurotiomycetidae;o_Eurotiales;f_Aspergillaceae;g_Aspergillus;-_Aspergillus subgen. Circumdati;s_Aspergillus flavus;-_Aspergillus flavus NRRL3357
NODE_202_length_1764_cov_110.141112	5042	order	Eurotiales	1	1	1	1.000	Fungi;Ascomycota;uc_Eurotiales	-_cellular organisms;d_Eukaryota;-_Opisthokonta;k_Fungi;-_Dikarya;p_Ascomycota;-_saccharomyceta;-_Pezizomycotina;-_leotiomyceta;c_Eurotiomycetes;-_Eurotiomycetidae;o_Eurotiales
NODE_209_length_1713_cov_27.769716	9606	species	Homo sapiens	2	2	2	1.000	Metazoa;Chordata;Hominidae	-_cellular organisms;d_Eukaryota;-_Opisthokonta;k_Metazoa;-_Eumetazoa;-_Bilateria;-_Deuterostomia;p_Chordata;-_Craniata;-_Vertebrata;-_Gnathostomata;-_Teleostomi;-_Euteleostomi;-_Sarcopterygii;-_Dipnotetrapodomorpha;-_Tetrapoda;-_Amniota;c_Mammalia;-_Theria;-_Eutheria;-_Boreoeutheria;-_Euarchontoglires;o_Primates;-_Haplorrhini;-_Simiiformes;-_Catarrhini;-_Hominoidea;f_Hominidae;-_Homininae;g_Homo;s_Homo sapiens
NODE_221_length_1631_cov_119.615027	665024	strain	Bipolaris maydis ATCC 48331	1	1	1	1.000	Fungi;Ascomycota;Pleosporaceae	-_cellular organisms;d_Eukaryota;-_Opisthokonta;k_Fungi;-_Dikarya;p_Ascomycota;-_saccharomyceta;-_Pezizomycotina;-_leotiomyceta;-_dothideomyceta;c_Dothideomycetes;-_Pleosporomycetidae;o_Pleosporales;-_Pleosporineae;f_Pleosporaceae;g_Bipolaris;s_Bipolaris maydis;-_Bipolaris maydis ATCC 48331
NODE_251_length_1503_cov_81.699855	33203	species	Purpureocillium lilacinum	1	1	1	1.000	Fungi;Ascomycota;Ophiocordycipitaceae	-_cellular organisms;d_Eukaryota;-_Opisthokonta;k_Fungi;-_Dikarya;p_Ascomycota;-_saccharomyceta;-_Pezizomycotina;-_leotiomyceta;-_sordariomyceta;c_Sordariomycetes;-_Hypocreomycetidae;o_Hypocreales;f_Ophiocordycipitaceae;g_Purpureocillium;s_Purpureocillium lilacinum
NODE_259_length_1461_cov_122.314093	229533	strain	Fusarium graminearum PH-1	3	3	2	0.920	Fungi;Ascomycota;Nectriaceae	-_cellular organisms;d_Eukaryota;-_Opisthokonta;k_Fungi;-_Dikarya;p_Ascomycota;-_saccharomyceta;-_Pezizomycotina;-_leotiomyceta;-_sordariomyceta;c_Sordariomycetes;-_Hypocreomycetidae;o_Hypocreales;f_Nectriaceae;g_Fusarium;-_Fusarium sambucinum species complex;s_Fusarium graminearum;-_Fusarium graminearum PH-1
NODE_270_length_1370_cov_0.306024	9606	species	Homo sapiens	2	2	2	1.000	Metazoa;Chordata;Hominidae	-_cellular organisms;d_Eukaryota;-_Opisthokonta;k_Metazoa;-_Eumetazoa;-_Bilateria;-_Deuterostomia;p_Chordata;-_Craniata;-_Vertebrata;-_Gnathostomata;-_Teleostomi;-_Euteleostomi;-_Sarcopterygii;-_Dipnotetrapodomorpha;-_Tetrapoda;-_Amniota;c_Mammalia;-_Theria;-_Eutheria;-_Boreoeutheria;-_Euarchontoglires;o_Primates;-_Haplorrhini;-_Simiiformes;-_Catarrhini;-_Hominoidea;f_Hominidae;-_Homininae;g_Homo;s_Homo sapiens
NODE_284_length_1316_cov_39.588730	425011	strain	Aspergillus niger CBS 513.88	2	2	1	0.950	Fungi;Ascomycota;Aspergillaceae	-_cellular organisms;d_Eukaryota;-_Opisthokonta;k_Fungi;-_Dikarya;p_Ascomycota;-_saccharomyceta;-_Pezizomycotina;-_leotiomyceta;c_Eurotiomycetes;-_Eurotiomycetidae;o_Eurotiales;f_Aspergillaceae;g_Aspergillus;-_Aspergillus subgen. Circumdati;s_Aspergillus niger;-_Aspergillus niger CBS 513.88
NODE_288_length_1299_cov_73.506826	716546	clade	leotiomyceta	1	1	1	1.000	Fungi;Ascomycota;unknown	-_cellular organisms;d_Eukaryota;-_Opisthokonta;k_Fungi;-_Dikarya;p_Ascomycota;-_saccharomyceta;-_Pezizomycotina;-_leotiomyceta
NODE_312_length_1171_cov_0.370690	4892	order	Saccharomycetales	2	2	1	0.920	Fungi;Ascomycota;uc_Saccharomycetales	-_cellular organisms;d_Eukaryota;-_Opisthokonta;k_Fungi;-_Dikarya;p_Ascomycota;-_saccharomyceta;-_Saccharomycotina;c_Saccharomycetes;o_Saccharomycetales
NODE_53_length_6454_cov_128.774933	332952	strain	Aspergillus flavus NRRL3357	1	1	1	1.000	Fungi;Ascomycota;Aspergillaceae	-_cellular organisms;d_Eukaryota;-_Opisthokonta;k_Fungi;-_Dikarya;p_Ascomycota;-_saccharomyceta;-_Pezizomycotina;-_leotiomyceta;c_Eurotiomycetes;-_Eurotiomycetidae;o_Eurotiales;f_Aspergillaceae;g_Aspergillus;-_Aspergillus subgen. Circumdati;s_Aspergillus flavus;-_Aspergillus flavus NRRL3357
NODE_58_length_5737_cov_126.738681	4890	phylum	Ascomycota	4	4	4	1.000	Fungi;Ascomycota;uc_Ascomycota	-_cellular organisms;d_Eukaryota;-_Opisthokonta;k_Fungi;-_Dikarya;p_Ascomycota
NODE_69_length_5075_cov_1.546171	2759	superkingdom	Eukaryota	1	1	1	1.000	uc_Eukaryota;uc_Eukaryota;uc_Eukaryota	-_cellular organisms;d_Eukaryota
NODE_74_length_4684_cov_120.099386	716546	clade	leotiomyceta	2	2	2	1.000	Fungi;Ascomycota;unknown	-_cellular organisms;d_Eukaryota;-_Opisthokonta;k_Fungi;-_Dikarya;p_Ascomycota;-_saccharomyceta;-_Pezizomycotina;-_leotiomyceta
NODE_77_length_4453_cov_127.541840	4890	phylum	Ascomycota	1	1	1	1.000	Fungi;Ascomycota;uc_Ascomycota	-_cellular organisms;d_Eukaryota;-_Opisthokonta;k_Fungi;-_Dikarya;p_Ascomycota
NODE_84_length_4185_cov_107.973632	716546	clade	leotiomyceta	3	3	3	1.000	Fungi;Ascomycota;unknown	-_cellular organisms;d_Eukaryota;-_Opisthokonta;k_Fungi;-_Dikarya;p_Ascomycota;-_saccharomyceta;-_Pezizomycotina;-_leotiomyceta
NODE_86_length_4098_cov_143.336691	451864	subkingdom	Dikarya	1	1	1	1.000	Fungi;uc_Dikarya;uc_Dikarya	-_cellular organisms;d_Eukaryota;-_Opisthokonta;k_Fungi;-_Dikarya
NODE_88_length_3945_cov_136.358041	1224	phylum	Pseudomonadota	2	1	1	1.000	unknown;Pseudomonadota;uc_Pseudomonadota	-_cellular organisms;d_Bacteria;p_Pseudomonadota
NODE_91_length_3703_cov_102.795861	4751	kingdom	Fungi	1	1	1	1.000	Fungi;uc_Fungi;uc_Fungi	-_cellular organisms;d_Eukaryota;-_Opisthokonta;k_Fungi
NODE_95_length_3637_cov_110.033618	663331	strain	Trichophyton benhamiae CBS 112371	2	2	1	0.500	Fungi;Ascomycota;Arthrodermataceae	-_cellular organisms;d_Eukaryota;-_Opisthokonta;k_Fungi;-_Dikarya;p_Ascomycota;-_saccharomyceta;-_Pezizomycotina;-_leotiomyceta;c_Eurotiomycetes;-_Eurotiomycetidae;o_Onygenales;f_Arthrodermataceae;g_Trichophyton;s_Trichophyton benhamiae;-_Trichophyton benhamiae CBS 112371
NODE_915_length_505_cov_0.297082	9606	species	Homo sapiens	7	6	6	1.000	Metazoa;Chordata;Hominidae	-_cellular organisms;d_Eukaryota;-_Opisthokonta;k_Metazoa;-_Eumetazoa;-_Bilateria;-_Deuterostomia;p_Chordata;-_Craniata;-_Vertebrata;-_Gnathostomata;-_Teleostomi;-_Euteleostomi;-_Sarcopterygii;-_Dipnotetrapodomorpha;-_Tetrapoda;-_Amniota;c_Mammalia;-_Theria;-_Eutheria;-_Boreoeutheria;-_Euarchontoglires;o_Primates;-_Haplorrhini;-_Simiiformes;-_Catarrhini;-_Hominoidea;f_Hominidae;-_Homininae;g_Homo;s_Homo sapiens
NODE_920_length_503_cov_11.643617	716546	clade	leotiomyceta	1	1	1	1.000	Fungi;Ascomycota;unknown	-_cellular organisms;d_Eukaryota;-_Opisthokonta;k_Fungi;-_Dikarya;p_Ascomycota;-_saccharomyceta;-_Pezizomycotina;-_leotiomyceta
NODE_972_length_486_cov_0.969359	5334	species	Schizophyllum commune	1	1	1	1.000	Fungi;Basidiomycota;Schizophyllaceae	-_cellular organisms;d_Eukaryota;-_Opisthokonta;k_Fungi;-_Dikarya;p_Basidiomycota;-_Agaricomycotina;c_Agaricomycetes;-_Agaricomycetidae;o_Agaricales;-_Schizophyllineae;f_Schizophyllaceae;g_Schizophyllum;s_Schizophyllum commune
NODE_980_length_483_cov_0.949438	7227	species	Drosophila melanogaster	1	1	1	1.000	Metazoa;Arthropoda;Drosophilidae	-_cellular organisms;d_Eukaryota;-_Opisthokonta;k_Metazoa;-_Eumetazoa;-_Bilateria;-_Protostomia;-_Ecdysozoa;-_Panarthropoda;p_Arthropoda;-_Mandibulata;-_Pancrustacea;-_Hexapoda;c_Insecta;-_Dicondylia;-_Pterygota;-_Neoptera;-_Endopterygota;o_Diptera;-_Brachycera;-_Muscomorpha;-_Eremoneura;-_Cyclorrhapha;-_Schizophora;-_Acalyptratae;-_Ephydroidea;f_Drosophilidae;-_Drosophilinae;-_Drosophilini;g_Drosophila;-_Sophophora;-_melanogaster group;-_melanogaster subgroup;s_Drosophila melanogaster
NODE_811_length_537_cov_10.126829	663331	strain	Trichophyton benhamiae CBS 112371	1	1	1	1.000	Fungi;Ascomycota;Arthrodermataceae	-_cellular organisms;d_Eukaryota;-_Opisthokonta;k_Fungi;-_Dikarya;p_Ascomycota;-_saccharomyceta;-_Pezizomycotina;-_leotiomyceta;c_Eurotiomycetes;-_Eurotiomycetidae;o_Onygenales;f_Arthrodermataceae;g_Trichophyton;s_Trichophyton benhamiae;-_Trichophyton benhamiae CBS 112371
NODE_818_length_533_cov_0.834975	5334	species	Schizophyllum commune	1	1	1	1.000	Fungi;Basidiomycota;Schizophyllaceae	-_cellular organisms;d_Eukaryota;-_Opisthokonta;k_Fungi;-_Dikarya;p_Basidiomycota;-_Agaricomycotina;c_Agaricomycetes;-_Agaricomycetidae;o_Agaricales;-_Schizophyllineae;f_Schizophyllaceae;g_Schizophyllum;s_Schizophyllum commune
NODE_851_length_522_cov_3.255696	284590	strain	Kluyveromyces lactis NRRL Y-1140	1	1	1	1.000	Fungi;Ascomycota;Saccharomycetaceae	-_cellular organisms;d_Eukaryota;-_Opisthokonta;k_Fungi;-_Dikarya;p_Ascomycota;-_saccharomyceta;-_Saccharomycotina;c_Saccharomycetes;o_Saccharomycetales;f_Saccharomycetaceae;g_Kluyveromyces;s_Kluyveromyces lactis;-_Kluyveromyces lactis NRRL Y-1140
NODE_856_length_520_cov_25.000000	380704	strain	Aspergillus niger ATCC 1015	1	1	1	1.000	Fungi;Ascomycota;Aspergillaceae	-_cellular organisms;d_Eukaryota;-_Opisthokonta;k_Fungi;-_Dikarya;p_Ascomycota;-_saccharomyceta;-_Pezizomycotina;-_leotiomyceta;c_Eurotiomycetes;-_Eurotiomycetidae;o_Eurotiales;f_Aspergillaceae;g_Aspergillus;-_Aspergillus subgen. Circumdati;s_Aspergillus niger;-_Aspergillus niger ATCC 1015
NODE_428_length_878_cov_42.720373	33203	species	Purpureocillium lilacinum	1	1	1	1.000	Fungi;Ascomycota;Ophiocordycipitaceae	-_cellular organisms;d_Eukaryota;-_Opisthokonta;k_Fungi;-_Dikarya;p_Ascomycota;-_saccharomyceta;-_Pezizomycotina;-_leotiomyceta;-_sordariomyceta;c_Sordariomycetes;-_Hypocreomycetidae;o_Hypocreales;f_Ophiocordycipitaceae;g_Purpureocillium;s_Purpureocillium lilacinum
NODE_430_length_876_cov_100.329773	5052	genus	Aspergillus	1	1	1	1.000	Fungi;Ascomycota;Aspergillaceae	-_cellular organisms;d_Eukaryota;-_Opisthokonta;k_Fungi;-_Dikarya;p_Ascomycota;-_saccharomyceta;-_Pezizomycotina;-_leotiomyceta;c_Eurotiomycetes;-_Eurotiomycetidae;o_Eurotiales;f_Aspergillaceae;g_Aspergillus
