STRAIN1	STRAIN2	COUNT
CBS_134.48 DFAtCBS_134.48 DFAtCBS_134.48 DFAt212687
CBS_134.48 IFM_54640tCBS_134.48 IFM_54640tCBS_134.48 IFM_54640t260483
CBS_134.48 IFM_55763tCBS_134.48 IFM_55763tCBS_134.48 IFM_55763t267396
CBS_134.48 IFM_56815tCBS_134.48 IFM_56815tCBS_134.48 IFM_56815t261706
CBS_134.48 IFM_57143tCBS_134.48 IFM_57143tCBS_134.48 IFM_57143t261621
CBS_134.48 IFM_61612tCBS_134.48 IFM_61612tCBS_134.48 IFM_61612t260463
CBS_134.48 JCM22294tCBS_134.48 JCM22294tCBS_134.48 JCM22294t256115
CBS_134.48 IFM_57258tCBS_134.48 IFM_57258tCBS_134.48 IFM_57258t412994
CBS_134.48 JCM22299tCBS_134.48 JCM22299tCBS_134.48 JCM22299t255865
CBS_134.48 JCM22295tCBS_134.48 JCM22295tCBS_134.48 JCM22295t434770
CBS_134.48 MOD1-FUNGI4tCBS_134.48 MOD1-FUNGI4tCBS_134.48 MOD1-FUNGI4t264576
CBS_134.48 NASAJPL_JS3-R1tCBS_134.48 NASAJPL_JS3-R1tCBS_134.48 NASAJPL_JS3-R1t231800
CBS_134.48 NASAJPL_JS3-P2tCBS_134.48 NASAJPL_JS3-P2tCBS_134.48 NASAJPL_JS3-P2t240254
CBS_134.48 MOD1-FUNGI3tCBS_134.48 MOD1-FUNGI3tCBS_134.48 MOD1-FUNGI3t264081
CBS_134.48 NASAJPL_S_N-304-OC-P1tCBS_134.48 NASAJPL_S_N-304-OC-P1tCBS_134.48 NASAJPL_S_N-304-OC-P1t252834
DFA IFM_54640tDFA IFM_54640tDFA IFM_54640t251816
CBS_134.48 NASAJPL_S_N-302-OC-P2tCBS_134.48 NASAJPL_S_N-302-OC-P2tCBS_134.48 NASAJPL_S_N-302-OC-P2t247839
CBS_134.48 NASAJPL_VS_III_B_KN_ttCBS_134.48 NASAJPL_VS_III_B_KN_ttCBS_134.48 NASAJPL_VS_III_B_KN_tt265477
CBS_134.48 RIB2623tCBS_134.48 RIB2623tCBS_134.48 RIB2623t256590
CBS_134.48 NASAJPL_S_N-308-IC-B1tCBS_134.48 NASAJPL_S_N-308-IC-B1tCBS_134.48 NASAJPL_S_N-308-IC-B1t259907
DFA IFM_55763tDFA IFM_55763tDFA IFM_55763t259797
CBS_134.48 NRRL_4875tCBS_134.48 NRRL_4875tCBS_134.48 NRRL_4875t270712
CBS_134.48 RIB2036tCBS_134.48 RIB2036tCBS_134.48 RIB2036t262986
CBS_134.48 JCM22302tCBS_134.48 JCM22302tCBS_134.48 JCM22302t632151
CBS_134.48 WU-2223LtCBS_134.48 WU-2223LtCBS_134.48 WU-2223Lt256517
DFA NASAJPL_JS3-P2tDFA NASAJPL_JS3-P2tDFA NASAJPL_JS3-P2t193293
DFA JCM22299tDFA JCM22299tDFA JCM22299t235124
DFA NASAJPL_VS_III_B_KN_ttDFA NASAJPL_VS_III_B_KN_ttDFA NASAJPL_VS_III_B_KN_tt252352
CBS_134.48 RIB2631tCBS_134.48 RIB2631tCBS_134.48 RIB2631t257731
DFA IFM_57143tDFA IFM_57143tDFA IFM_57143t247486
DFA NASAJPL_S_N-302-OC-P2tDFA NASAJPL_S_N-302-OC-P2tDFA NASAJPL_S_N-302-OC-P2t181538
DFA CBS_134.48tDFA CBS_134.48tDFA CBS_134.48t212687
DFA NASAJPL_JS3-R1tDFA NASAJPL_JS3-R1tDFA NASAJPL_JS3-R1t136807
DFA NASAJPL_S_N-304-OC-P1tDFA NASAJPL_S_N-304-OC-P1tDFA NASAJPL_S_N-304-OC-P1t210109
DFA IFM_56815tDFA IFM_56815tDFA IFM_56815t251441
DFA IFM_57258tDFA IFM_57258tDFA IFM_57258t395231
DFA IFM_61612tDFA IFM_61612tDFA IFM_61612t251136
DFA JCM22294tDFA JCM22294tDFA JCM22294t236150
DFA RIB2623tDFA RIB2623tDFA RIB2623t239021
DFA MOD1-FUNGI3tDFA MOD1-FUNGI3tDFA MOD1-FUNGI3t244702
DFA NASAJPL_S_N-308-IC-B1tDFA NASAJPL_S_N-308-IC-B1tDFA NASAJPL_S_N-308-IC-B1t248974
DFA JCM22295tDFA JCM22295tDFA JCM22295t411119
DFA MOD1-FUNGI4tDFA MOD1-FUNGI4tDFA MOD1-FUNGI4t245801
DFA NRRL_4875tDFA NRRL_4875tDFA NRRL_4875t248437
DFA WU-2223LtDFA WU-2223LtDFA WU-2223Lt244214
IFM_54640 DFAtIFM_54640 DFAtIFM_54640 DFAt251816
DFA RIB2631tDFA RIB2631tDFA RIB2631t245044
IFM_54640 NASAJPL_JS3-P2tIFM_54640 NASAJPL_JS3-P2tIFM_54640 NASAJPL_JS3-P2t222945
IFM_54640 CBS_134.48tIFM_54640 CBS_134.48tIFM_54640 CBS_134.48t260483
IFM_55763 IFM_56815tIFM_55763 IFM_56815tIFM_55763 IFM_56815t133314
IFM_54640 IFM_55763tIFM_54640 IFM_55763tIFM_54640 IFM_55763t151201
IFM_54640 WU-2223LtIFM_54640 WU-2223LtIFM_54640 WU-2223Lt155868
IFM_54640 RIB2036tIFM_54640 RIB2036tIFM_54640 RIB2036t145929
IFM_54640 IFM_61612tIFM_54640 IFM_61612tIFM_54640 IFM_61612t148986
IFM_54640 NASAJPL_S_N-302-OC-P2tIFM_54640 NASAJPL_S_N-302-OC-P2tIFM_54640 NASAJPL_S_N-302-OC-P2t200294
IFM_55763 NASAJPL_S_N-302-OC-P2tIFM_55763 NASAJPL_S_N-302-OC-P2tIFM_55763 NASAJPL_S_N-302-OC-P2t175663
DFA RIB2036tDFA RIB2036tDFA RIB2036t253353
IFM_54640 NASAJPL_JS3-R1tIFM_54640 NASAJPL_JS3-R1tIFM_54640 NASAJPL_JS3-R1t230347
IFM_54640 JCM22299tIFM_54640 JCM22299tIFM_54640 JCM22299t158884
IFM_54640 IFM_57143tIFM_54640 IFM_57143tIFM_54640 IFM_57143t160356
IFM_55763 RIB2036tIFM_55763 RIB2036tIFM_55763 RIB2036t104748
IFM_55763 JCM22299tIFM_55763 JCM22299tIFM_55763 JCM22299t127793
IFM_55763 JCM22294tIFM_55763 JCM22294tIFM_55763 JCM22294t126841
IFM_55763 NASAJPL_JS3-R1tIFM_55763 NASAJPL_JS3-R1tIFM_55763 NASAJPL_JS3-R1t231210
IFM_55763 DFAtIFM_55763 DFAtIFM_55763 DFAt259797
IFM_54640 RIB2623tIFM_54640 RIB2623tIFM_54640 RIB2623t157737
IFM_55763 IFM_61612tIFM_55763 IFM_61612tIFM_55763 IFM_61612t126887
IFM_54640 JCM22294tIFM_54640 JCM22294tIFM_54640 JCM22294t158306
IFM_54640 IFM_57258tIFM_54640 IFM_57258tIFM_54640 IFM_57258t410063
IFM_54640 IFM_56815tIFM_54640 IFM_56815tIFM_54640 IFM_56815t132313
IFM_54640 MOD1-FUNGI4tIFM_54640 MOD1-FUNGI4tIFM_54640 MOD1-FUNGI4t187001
IFM_54640 NASAJPL_VS_III_B_KN_ttIFM_54640 NASAJPL_VS_III_B_KN_ttIFM_54640 NASAJPL_VS_III_B_KN_tt142218
IFM_55763 CBS_134.48tIFM_55763 CBS_134.48tIFM_55763 CBS_134.48t267396
IFM_54640 RIB2631tIFM_54640 RIB2631tIFM_54640 RIB2631t206246
IFM_54640 NASAJPL_S_N-308-IC-B1tIFM_54640 NASAJPL_S_N-308-IC-B1tIFM_54640 NASAJPL_S_N-308-IC-B1t149358
IFM_55763 RIB2631tIFM_55763 RIB2631tIFM_55763 RIB2631t189205
IFM_55763 NASAJPL_JS3-P2tIFM_55763 NASAJPL_JS3-P2tIFM_55763 NASAJPL_JS3-P2t220300
IFM_54640 NASAJPL_S_N-304-OC-P1tIFM_54640 NASAJPL_S_N-304-OC-P1tIFM_54640 NASAJPL_S_N-304-OC-P1t174415
IFM_56815 DFAtIFM_56815 DFAtIFM_56815 DFAt251441
IFM_54640 MOD1-FUNGI3tIFM_54640 MOD1-FUNGI3tIFM_54640 MOD1-FUNGI3t187098
IFM_55763 NASAJPL_S_N-304-OC-P1tIFM_55763 NASAJPL_S_N-304-OC-P1tIFM_55763 NASAJPL_S_N-304-OC-P1t120166
IFM_55763 MOD1-FUNGI4tIFM_55763 MOD1-FUNGI4tIFM_55763 MOD1-FUNGI4t142726
IFM_55763 NRRL_4875tIFM_55763 NRRL_4875tIFM_55763 NRRL_4875t113622
IFM_54640 NRRL_4875tIFM_54640 NRRL_4875tIFM_54640 NRRL_4875t167883
IFM_55763 NASAJPL_S_N-308-IC-B1tIFM_55763 NASAJPL_S_N-308-IC-B1tIFM_55763 NASAJPL_S_N-308-IC-B1t125353
IFM_55763 NASAJPL_VS_III_B_KN_ttIFM_55763 NASAJPL_VS_III_B_KN_ttIFM_55763 NASAJPL_VS_III_B_KN_tt153685
IFM_55763 WU-2223LtIFM_55763 WU-2223LtIFM_55763 WU-2223Lt120517
IFM_55763 IFM_57143tIFM_55763 IFM_57143tIFM_55763 IFM_57143t132045
IFM_55763 MOD1-FUNGI3tIFM_55763 MOD1-FUNGI3tIFM_55763 MOD1-FUNGI3t143237
IFM_54640 JCM22295tIFM_54640 JCM22295tIFM_54640 JCM22295t435871
IFM_55763 IFM_54640tIFM_55763 IFM_54640tIFM_55763 IFM_54640t151201
IFM_55763 RIB2623tIFM_55763 RIB2623tIFM_55763 RIB2623t124900
DFA JCM22302tDFA JCM22302tDFA JCM22302t595870
IFM_55763 JCM22295tIFM_55763 JCM22295tIFM_55763 JCM22295t436392
IFM_56815 IFM_54640tIFM_56815 IFM_54640tIFM_56815 IFM_54640t132313
IFM_56815 CBS_134.48tIFM_56815 CBS_134.48tIFM_56815 CBS_134.48t261706
IFM_55763 IFM_57258tIFM_55763 IFM_57258tIFM_55763 IFM_57258t413276
IFM_56815 IFM_55763tIFM_56815 IFM_55763tIFM_56815 IFM_55763t133314
IFM_54640 JCM22302tIFM_54640 JCM22302tIFM_54640 JCM22302t634440
IFM_55763 JCM22302tIFM_55763 JCM22302tIFM_55763 JCM22302t635361
IFM_56815 JCM22294tIFM_56815 JCM22294tIFM_56815 JCM22294t126325
IFM_56815 IFM_57143tIFM_56815 IFM_57143tIFM_56815 IFM_57143t126121
IFM_56815 IFM_61612tIFM_56815 IFM_61612tIFM_56815 IFM_61612t137737
IFM_56815 IFM_57258tIFM_56815 IFM_57258tIFM_56815 IFM_57258t409546
IFM_56815 JCM22299tIFM_56815 JCM22299tIFM_56815 JCM22299t126951
IFM_56815 NRRL_4875tIFM_56815 NRRL_4875tIFM_56815 NRRL_4875t137690
IFM_56815 NASAJPL_S_N-304-OC-P1tIFM_56815 NASAJPL_S_N-304-OC-P1tIFM_56815 NASAJPL_S_N-304-OC-P1t151866
IFM_56815 MOD1-FUNGI3tIFM_56815 MOD1-FUNGI3tIFM_56815 MOD1-FUNGI3t171145
IFM_56815 JCM22295tIFM_56815 JCM22295tIFM_56815 JCM22295t433194
IFM_56815 RIB2631tIFM_56815 RIB2631tIFM_56815 RIB2631t196439
IFM_56815 NASAJPL_JS3-R1tIFM_56815 NASAJPL_JS3-R1tIFM_56815 NASAJPL_JS3-R1t227750
IFM_56815 NASAJPL_S_N-302-OC-P2tIFM_56815 NASAJPL_S_N-302-OC-P2tIFM_56815 NASAJPL_S_N-302-OC-P2t192207
IFM_56815 NASAJPL_VS_III_B_KN_ttIFM_56815 NASAJPL_VS_III_B_KN_ttIFM_56815 NASAJPL_VS_III_B_KN_tt77701
IFM_56815 MOD1-FUNGI4tIFM_56815 MOD1-FUNGI4tIFM_56815 MOD1-FUNGI4t171228
IFM_56815 NASAJPL_S_N-308-IC-B1tIFM_56815 NASAJPL_S_N-308-IC-B1tIFM_56815 NASAJPL_S_N-308-IC-B1t130679
IFM_56815 NASAJPL_JS3-P2tIFM_56815 NASAJPL_JS3-P2tIFM_56815 NASAJPL_JS3-P2t218818
IFM_57143 IFM_54640tIFM_57143 IFM_54640tIFM_57143 IFM_54640t160356
IFM_56815 RIB2036tIFM_56815 RIB2036tIFM_56815 RIB2036t143398
IFM_56815 WU-2223LtIFM_56815 WU-2223LtIFM_56815 WU-2223Lt123733
IFM_57143 IFM_55763tIFM_57143 IFM_55763tIFM_57143 IFM_55763t132045
IFM_57143 IFM_56815tIFM_57143 IFM_56815tIFM_57143 IFM_56815t126121
IFM_57143 DFAtIFM_57143 DFAtIFM_57143 DFAt247486
IFM_56815 JCM22302tIFM_56815 JCM22302tIFM_56815 JCM22302t633457
IFM_56815 RIB2623tIFM_56815 RIB2623tIFM_56815 RIB2623t125672
IFM_57143 CBS_134.48tIFM_57143 CBS_134.48tIFM_57143 CBS_134.48t261621
IFM_57143 MOD1-FUNGI3tIFM_57143 MOD1-FUNGI3tIFM_57143 MOD1-FUNGI3t167364
IFM_57143 IFM_61612tIFM_57143 IFM_61612tIFM_57143 IFM_61612t92888
IFM_57143 JCM22294tIFM_57143 JCM22294tIFM_57143 JCM22294t117108
IFM_57143 NASAJPL_JS3-R1tIFM_57143 NASAJPL_JS3-R1tIFM_57143 NASAJPL_JS3-R1t222045
IFM_57143 JCM22299tIFM_57143 JCM22299tIFM_57143 JCM22299t117764
IFM_57143 MOD1-FUNGI4tIFM_57143 MOD1-FUNGI4tIFM_57143 MOD1-FUNGI4t167343
IFM_57143 NASAJPL_JS3-P2tIFM_57143 NASAJPL_JS3-P2tIFM_57143 NASAJPL_JS3-P2t212959
IFM_57143 NASAJPL_S_N-308-IC-B1tIFM_57143 NASAJPL_S_N-308-IC-B1tIFM_57143 NASAJPL_S_N-308-IC-B1t132810
IFM_57143 NASAJPL_VS_III_B_KN_ttIFM_57143 NASAJPL_VS_III_B_KN_ttIFM_57143 NASAJPL_VS_III_B_KN_tt145472
IFM_57143 NASAJPL_S_N-302-OC-P2tIFM_57143 NASAJPL_S_N-302-OC-P2tIFM_57143 NASAJPL_S_N-302-OC-P2t185118
IFM_57143 IFM_57258tIFM_57143 IFM_57258tIFM_57143 IFM_57258t409435
IFM_57143 NASAJPL_S_N-304-OC-P1tIFM_57143 NASAJPL_S_N-304-OC-P1tIFM_57143 NASAJPL_S_N-304-OC-P1t148991
IFM_57143 JCM22295tIFM_57143 JCM22295tIFM_57143 JCM22295t433169
IFM_57143 NRRL_4875tIFM_57143 NRRL_4875tIFM_57143 NRRL_4875t115497
IFM_57143 RIB2036tIFM_57143 RIB2036tIFM_57143 RIB2036t133685
IFM_57143 RIB2623tIFM_57143 RIB2623tIFM_57143 RIB2623t116829
IFM_57143 RIB2631tIFM_57143 RIB2631tIFM_57143 RIB2631t188958
IFM_57143 WU-2223LtIFM_57143 WU-2223LtIFM_57143 WU-2223Lt116592
IFM_57258 DFAtIFM_57258 DFAtIFM_57258 DFAt395231
IFM_57258 IFM_54640tIFM_57258 IFM_54640tIFM_57258 IFM_54640t410063
IFM_61612 DFAtIFM_61612 DFAtIFM_61612 DFAt251136
IFM_57258 IFM_57143tIFM_57258 IFM_57143tIFM_57258 IFM_57143t409435
IFM_57143 JCM22302tIFM_57143 JCM22302tIFM_57143 JCM22302t631486
IFM_57258 IFM_55763tIFM_57258 IFM_55763tIFM_57258 IFM_55763t413276
IFM_61612 IFM_54640tIFM_61612 IFM_54640tIFM_61612 IFM_54640t148986
IFM_61612 IFM_56815tIFM_61612 IFM_56815tIFM_61612 IFM_56815t137737
IFM_57258 CBS_134.48tIFM_57258 CBS_134.48tIFM_57258 CBS_134.48t412994
IFM_61612 IFM_55763tIFM_61612 IFM_55763tIFM_61612 IFM_55763t126887
IFM_61612 IFM_57143tIFM_61612 IFM_57143tIFM_61612 IFM_57143t92888
IFM_61612 NASAJPL_S_N-304-OC-P1tIFM_61612 NASAJPL_S_N-304-OC-P1tIFM_61612 NASAJPL_S_N-304-OC-P1t144917
IFM_61612 NASAJPL_VS_III_B_KN_ttIFM_61612 NASAJPL_VS_III_B_KN_ttIFM_61612 NASAJPL_VS_III_B_KN_tt155208
IFM_57258 IFM_61612tIFM_57258 IFM_61612tIFM_57258 IFM_61612t409559
IFM_61612 JCM22294tIFM_61612 JCM22294tIFM_61612 JCM22294t114582
IFM_61612 MOD1-FUNGI4tIFM_61612 MOD1-FUNGI4tIFM_61612 MOD1-FUNGI4t171087
IFM_61612 NASAJPL_S_N-308-IC-B1tIFM_61612 NASAJPL_S_N-308-IC-B1tIFM_61612 NASAJPL_S_N-308-IC-B1t111804
IFM_57258 NASAJPL_JS3-R1tIFM_57258 NASAJPL_JS3-R1tIFM_57258 NASAJPL_JS3-R1t400870
IFM_61612 NASAJPL_S_N-302-OC-P2tIFM_61612 NASAJPL_S_N-302-OC-P2tIFM_61612 NASAJPL_S_N-302-OC-P2t189986
IFM_57258 IFM_56815tIFM_57258 IFM_56815tIFM_57258 IFM_56815t409546
IFM_61612 CBS_134.48tIFM_61612 CBS_134.48tIFM_61612 CBS_134.48t260463
IFM_61612 JCM22299tIFM_61612 JCM22299tIFM_61612 JCM22299t115160
IFM_61612 NASAJPL_JS3-P2tIFM_61612 NASAJPL_JS3-P2tIFM_61612 NASAJPL_JS3-P2t216705
IFM_61612 RIB2036tIFM_61612 RIB2036tIFM_61612 RIB2036t124989
IFM_57258 JCM22295tIFM_57258 JCM22295tIFM_57258 JCM22295t416184
IFM_57258 JCM22294tIFM_57258 JCM22294tIFM_57258 JCM22294t405167
IFM_57258 NASAJPL_VS_III_B_KN_ttIFM_57258 NASAJPL_VS_III_B_KN_ttIFM_57258 NASAJPL_VS_III_B_KN_tt408203
IFM_61612 NASAJPL_JS3-R1tIFM_61612 NASAJPL_JS3-R1tIFM_61612 NASAJPL_JS3-R1t225891
IFM_61612 NRRL_4875tIFM_61612 NRRL_4875tIFM_61612 NRRL_4875t119275
IFM_57258 MOD1-FUNGI3tIFM_57258 MOD1-FUNGI3tIFM_57258 MOD1-FUNGI3t404701
JCM22294 CBS_134.48tJCM22294 CBS_134.48tJCM22294 CBS_134.48t256115
IFM_57258 RIB2623tIFM_57258 RIB2623tIFM_57258 RIB2623t406640
IFM_61612 RIB2623tIFM_61612 RIB2623tIFM_61612 RIB2623t113475
IFM_57258 JCM22299tIFM_57258 JCM22299tIFM_57258 JCM22299t404955
JCM22294 DFAtJCM22294 DFAtJCM22294 DFAt236150
IFM_57258 NRRL_4875tIFM_57258 NRRL_4875tIFM_57258 NRRL_4875t413724
IFM_61612 RIB2631tIFM_61612 RIB2631tIFM_61612 RIB2631t192316
IFM_61612 WU-2223LtIFM_61612 WU-2223LtIFM_61612 WU-2223Lt110636
JCM22294 IFM_55763tJCM22294 IFM_55763tJCM22294 IFM_55763t126841
IFM_57258 NASAJPL_S_N-304-OC-P1tIFM_57258 NASAJPL_S_N-304-OC-P1tIFM_57258 NASAJPL_S_N-304-OC-P1t406648
IFM_61612 JCM22295tIFM_61612 JCM22295tIFM_61612 JCM22295t433411
IFM_57258 NASAJPL_JS3-P2tIFM_57258 NASAJPL_JS3-P2tIFM_57258 NASAJPL_JS3-P2t404336
IFM_57258 NASAJPL_S_N-308-IC-B1tIFM_57258 NASAJPL_S_N-308-IC-B1tIFM_57258 NASAJPL_S_N-308-IC-B1t409097
IFM_57258 RIB2036tIFM_57258 RIB2036tIFM_57258 RIB2036t410098
IFM_57258 WU-2223LtIFM_57258 WU-2223LtIFM_57258 WU-2223Lt408959
IFM_61612 IFM_57258tIFM_61612 IFM_57258tIFM_61612 IFM_57258t409559
JCM22294 IFM_54640tJCM22294 IFM_54640tJCM22294 IFM_54640t158306
IFM_61612 MOD1-FUNGI3tIFM_61612 MOD1-FUNGI3tIFM_61612 MOD1-FUNGI3t170822
IFM_57258 NASAJPL_S_N-302-OC-P2tIFM_57258 NASAJPL_S_N-302-OC-P2tIFM_57258 NASAJPL_S_N-302-OC-P2t402753
IFM_57258 JCM22302tIFM_57258 JCM22302tIFM_57258 JCM22302t651925
JCM22294 IFM_56815tJCM22294 IFM_56815tJCM22294 IFM_56815t126325
IFM_57258 RIB2631tIFM_57258 RIB2631tIFM_57258 RIB2631t407545
JCM22294 IFM_57143tJCM22294 IFM_57143tJCM22294 IFM_57143t117108
IFM_57258 MOD1-FUNGI4tIFM_57258 MOD1-FUNGI4tIFM_57258 MOD1-FUNGI4t405466
JCM22294 JCM22299tJCM22294 JCM22299tJCM22294 JCM22299t3110
JCM22294 IFM_61612tJCM22294 IFM_61612tJCM22294 IFM_61612t114582
JCM22294 NASAJPL_S_N-304-OC-P1tJCM22294 NASAJPL_S_N-304-OC-P1tJCM22294 NASAJPL_S_N-304-OC-P1t124675
JCM22294 MOD1-FUNGI4tJCM22294 MOD1-FUNGI4tJCM22294 MOD1-FUNGI4t151455
JCM22294 NASAJPL_S_N-302-OC-P2tJCM22294 NASAJPL_S_N-302-OC-P2tJCM22294 NASAJPL_S_N-302-OC-P2t186080
JCM22294 NASAJPL_S_N-308-IC-B1tJCM22294 NASAJPL_S_N-308-IC-B1tJCM22294 NASAJPL_S_N-308-IC-B1t108576
IFM_61612 JCM22302tIFM_61612 JCM22302tIFM_61612 JCM22302t633410
JCM22294 IFM_57258tJCM22294 IFM_57258tJCM22294 IFM_57258t405167
JCM22294 NASAJPL_JS3-R1tJCM22294 NASAJPL_JS3-R1tJCM22294 NASAJPL_JS3-R1t216603
JCM22294 NASAJPL_VS_III_B_KN_ttJCM22294 NASAJPL_VS_III_B_KN_ttJCM22294 NASAJPL_VS_III_B_KN_tt147966
JCM22294 NASAJPL_JS3-P2tJCM22294 NASAJPL_JS3-P2tJCM22294 NASAJPL_JS3-P2t212225
JCM22294 NRRL_4875tJCM22294 NRRL_4875tJCM22294 NRRL_4875t125249
JCM22294 MOD1-FUNGI3tJCM22294 MOD1-FUNGI3tJCM22294 MOD1-FUNGI3t150022
JCM22294 RIB2036tJCM22294 RIB2036tJCM22294 RIB2036t115139
JCM22294 WU-2223LtJCM22294 WU-2223LtJCM22294 WU-2223Lt11084
JCM22294 RIB2631tJCM22294 RIB2631tJCM22294 RIB2631t188166
JCM22294 JCM22295tJCM22294 JCM22295tJCM22294 JCM22295t423509
JCM22294 RIB2623tJCM22294 RIB2623tJCM22294 RIB2623t4757
JCM22295 DFAtJCM22295 DFAtJCM22295 DFAt411119
JCM22295 CBS_134.48tJCM22295 CBS_134.48tJCM22295 CBS_134.48t434770
JCM22295 MOD1-FUNGI4tJCM22295 MOD1-FUNGI4tJCM22295 MOD1-FUNGI4t423350
JCM22295 IFM_56815tJCM22295 IFM_56815tJCM22295 IFM_56815t433194
JCM22294 JCM22302tJCM22294 JCM22302tJCM22294 JCM22302t623134
JCM22295 IFM_55763tJCM22295 IFM_55763tJCM22295 IFM_55763t436392
JCM22295 IFM_57258tJCM22295 IFM_57258tJCM22295 IFM_57258t416184
JCM22295 IFM_54640tJCM22295 IFM_54640tJCM22295 IFM_54640t435871
JCM22295 IFM_57143tJCM22295 IFM_57143tJCM22295 IFM_57143t433169
JCM22295 IFM_61612tJCM22295 IFM_61612tJCM22295 IFM_61612t433411
JCM22295 JCM22299tJCM22295 JCM22299tJCM22295 JCM22299t423195
JCM22295 JCM22294tJCM22295 JCM22294tJCM22295 JCM22294t423509
JCM22295 MOD1-FUNGI3tJCM22295 MOD1-FUNGI3tJCM22295 MOD1-FUNGI3t422097
JCM22295 JCM22302tJCM22295 JCM22302tJCM22295 JCM22302t640627
JCM22299 DFAtJCM22299 DFAtJCM22299 DFAt235124
JCM22295 NASAJPL_JS3-R1tJCM22295 NASAJPL_JS3-R1tJCM22295 NASAJPL_JS3-R1t418346
JCM22299 JCM22294tJCM22299 JCM22294tJCM22299 JCM22294t3110
JCM22299 IFM_61612tJCM22299 IFM_61612tJCM22299 IFM_61612t115160
JCM22299 IFM_54640tJCM22299 IFM_54640tJCM22299 IFM_54640t158884
JCM22299 IFM_56815tJCM22299 IFM_56815tJCM22299 IFM_56815t126951
JCM22295 NASAJPL_JS3-P2tJCM22295 NASAJPL_JS3-P2tJCM22295 NASAJPL_JS3-P2t424538
JCM22295 NASAJPL_S_N-308-IC-B1tJCM22295 NASAJPL_S_N-308-IC-B1tJCM22295 NASAJPL_S_N-308-IC-B1t433265
JCM22295 NASAJPL_S_N-304-OC-P1tJCM22295 NASAJPL_S_N-304-OC-P1tJCM22295 NASAJPL_S_N-304-OC-P1t426220
JCM22295 NASAJPL_S_N-302-OC-P2tJCM22295 NASAJPL_S_N-302-OC-P2tJCM22295 NASAJPL_S_N-302-OC-P2t423173
JCM22299 CBS_134.48tJCM22299 CBS_134.48tJCM22299 CBS_134.48t255865
JCM22295 RIB2623tJCM22295 RIB2623tJCM22295 RIB2623t426158
JCM22299 NASAJPL_S_N-302-OC-P2tJCM22299 NASAJPL_S_N-302-OC-P2tJCM22299 NASAJPL_S_N-302-OC-P2t185894
JCM22295 RIB2036tJCM22295 RIB2036tJCM22295 RIB2036t432398
JCM22299 RIB2036tJCM22299 RIB2036tJCM22299 RIB2036t115987
JCM22299 NASAJPL_VS_III_B_KN_ttJCM22299 NASAJPL_VS_III_B_KN_ttJCM22299 NASAJPL_VS_III_B_KN_tt148290
JCM22299 IFM_55763tJCM22299 IFM_55763tJCM22299 IFM_55763t127793
JCM22299 NASAJPL_S_N-308-IC-B1tJCM22299 NASAJPL_S_N-308-IC-B1tJCM22299 NASAJPL_S_N-308-IC-B1t109334
JCM22299 MOD1-FUNGI4tJCM22299 MOD1-FUNGI4tJCM22299 MOD1-FUNGI4t151721
JCM22299 NASAJPL_JS3-R1tJCM22299 NASAJPL_JS3-R1tJCM22299 NASAJPL_JS3-R1t215963
JCM22299 IFM_57143tJCM22299 IFM_57143tJCM22299 IFM_57143t117764
JCM22295 NASAJPL_VS_III_B_KN_ttJCM22295 NASAJPL_VS_III_B_KN_ttJCM22295 NASAJPL_VS_III_B_KN_tt433115
JCM22299 NASAJPL_S_N-304-OC-P1tJCM22299 NASAJPL_S_N-304-OC-P1tJCM22299 NASAJPL_S_N-304-OC-P1t124893
JCM22299 WU-2223LtJCM22299 WU-2223LtJCM22299 WU-2223Lt12168
JCM22299 MOD1-FUNGI3tJCM22299 MOD1-FUNGI3tJCM22299 MOD1-FUNGI3t150184
JCM22299 RIB2623tJCM22299 RIB2623tJCM22299 RIB2623t5837
JCM22299 NRRL_4875tJCM22299 NRRL_4875tJCM22299 NRRL_4875t125899
JCM22295 NRRL_4875tJCM22295 NRRL_4875tJCM22295 NRRL_4875t435124
JCM22295 RIB2631tJCM22295 RIB2631tJCM22295 RIB2631t429385
JCM22299 NASAJPL_JS3-P2tJCM22299 NASAJPL_JS3-P2tJCM22299 NASAJPL_JS3-P2t211935
JCM22299 RIB2631tJCM22299 RIB2631tJCM22299 RIB2631t188366
MOD1-FUNGI3 DFAtMOD1-FUNGI3 DFAtMOD1-FUNGI3 DFAt244702
JCM22299 JCM22295tJCM22299 JCM22295tJCM22299 JCM22295t423195
MOD1-FUNGI3 IFM_55763tMOD1-FUNGI3 IFM_55763tMOD1-FUNGI3 IFM_55763t143237
JCM22302 DFAtJCM22302 DFAtJCM22302 DFAt595870
JCM22295 WU-2223LtJCM22295 WU-2223LtJCM22295 WU-2223Lt431433
MOD1-FUNGI3 IFM_57143tMOD1-FUNGI3 IFM_57143tMOD1-FUNGI3 IFM_57143t167364
MOD1-FUNGI3 NASAJPL_S_N-302-OC-P2tMOD1-FUNGI3 NASAJPL_S_N-302-OC-P2tMOD1-FUNGI3 NASAJPL_S_N-302-OC-P2t133686
JCM22299 IFM_57258tJCM22299 IFM_57258tJCM22299 IFM_57258t404955
MOD1-FUNGI3 MOD1-FUNGI4tMOD1-FUNGI3 MOD1-FUNGI4tMOD1-FUNGI3 MOD1-FUNGI4t7759
MOD1-FUNGI3 JCM22294tMOD1-FUNGI3 JCM22294tMOD1-FUNGI3 JCM22294t150022
MOD1-FUNGI3 NASAJPL_S_N-308-IC-B1tMOD1-FUNGI3 NASAJPL_S_N-308-IC-B1tMOD1-FUNGI3 NASAJPL_S_N-308-IC-B1t163408
MOD1-FUNGI3 IFM_54640tMOD1-FUNGI3 IFM_54640tMOD1-FUNGI3 IFM_54640t187098
MOD1-FUNGI3 NASAJPL_JS3-R1tMOD1-FUNGI3 NASAJPL_JS3-R1tMOD1-FUNGI3 NASAJPL_JS3-R1t211045
MOD1-FUNGI3 CBS_134.48tMOD1-FUNGI3 CBS_134.48tMOD1-FUNGI3 CBS_134.48t264081
MOD1-FUNGI3 NASAJPL_JS3-P2tMOD1-FUNGI3 NASAJPL_JS3-P2tMOD1-FUNGI3 NASAJPL_JS3-P2t200313
JCM22302 NASAJPL_S_N-302-OC-P2tJCM22302 NASAJPL_S_N-302-OC-P2tJCM22302 NASAJPL_S_N-302-OC-P2t617778
MOD1-FUNGI3 IFM_61612tMOD1-FUNGI3 IFM_61612tMOD1-FUNGI3 IFM_61612t170822
MOD1-FUNGI3 IFM_56815tMOD1-FUNGI3 IFM_56815tMOD1-FUNGI3 IFM_56815t171145
MOD1-FUNGI3 NASAJPL_S_N-304-OC-P1tMOD1-FUNGI3 NASAJPL_S_N-304-OC-P1tMOD1-FUNGI3 NASAJPL_S_N-304-OC-P1t159963
MOD1-FUNGI3 JCM22299tMOD1-FUNGI3 JCM22299tMOD1-FUNGI3 JCM22299t150184
JCM22302 IFM_61612tJCM22302 IFM_61612tJCM22302 IFM_61612t633410
JCM22302 JCM22299tJCM22302 JCM22299tJCM22302 JCM22299t622530
MOD1-FUNGI3 NRRL_4875tMOD1-FUNGI3 NRRL_4875tMOD1-FUNGI3 NRRL_4875t155369
JCM22302 IFM_57143tJCM22302 IFM_57143tJCM22302 IFM_57143t631486
JCM22299 JCM22302tJCM22299 JCM22302tJCM22299 JCM22302t622530
MOD1-FUNGI3 RIB2623tMOD1-FUNGI3 RIB2623tMOD1-FUNGI3 RIB2623t152109
JCM22302 CBS_134.48tJCM22302 CBS_134.48tJCM22302 CBS_134.48t632151
JCM22302 IFM_56815tJCM22302 IFM_56815tJCM22302 IFM_56815t633457
MOD1-FUNGI4 IFM_55763tMOD1-FUNGI4 IFM_55763tMOD1-FUNGI4 IFM_55763t142726
JCM22302 NASAJPL_JS3-R1tJCM22302 NASAJPL_JS3-R1tJCM22302 NASAJPL_JS3-R1t609565
MOD1-FUNGI3 NASAJPL_VS_III_B_KN_ttMOD1-FUNGI3 NASAJPL_VS_III_B_KN_ttMOD1-FUNGI3 NASAJPL_VS_III_B_KN_tt172722
MOD1-FUNGI4 DFAtMOD1-FUNGI4 DFAtMOD1-FUNGI4 DFAt245801
MOD1-FUNGI3 JCM22295tMOD1-FUNGI3 JCM22295tMOD1-FUNGI3 JCM22295t422097
JCM22302 NASAJPL_VS_III_B_KN_ttJCM22302 NASAJPL_VS_III_B_KN_ttJCM22302 NASAJPL_VS_III_B_KN_tt633890
JCM22302 IFM_54640tJCM22302 IFM_54640tJCM22302 IFM_54640t634440
JCM22302 NASAJPL_JS3-P2tJCM22302 NASAJPL_JS3-P2tJCM22302 NASAJPL_JS3-P2t618009
JCM22302 MOD1-FUNGI3tJCM22302 MOD1-FUNGI3tJCM22302 MOD1-FUNGI3t623756
JCM22302 NRRL_4875tJCM22302 NRRL_4875tJCM22302 NRRL_4875t631829
MOD1-FUNGI4 CBS_134.48tMOD1-FUNGI4 CBS_134.48tMOD1-FUNGI4 CBS_134.48t264576
MOD1-FUNGI4 IFM_56815tMOD1-FUNGI4 IFM_56815tMOD1-FUNGI4 IFM_56815t171228
JCM22302 RIB2631tJCM22302 RIB2631tJCM22302 RIB2631t623952
JCM22302 IFM_55763tJCM22302 IFM_55763tJCM22302 IFM_55763t635361
JCM22302 JCM22294tJCM22302 JCM22294tJCM22302 JCM22294t623134
JCM22302 JCM22295tJCM22302 JCM22295tJCM22302 JCM22295t640627
JCM22302 NASAJPL_S_N-308-IC-B1tJCM22302 NASAJPL_S_N-308-IC-B1tJCM22302 NASAJPL_S_N-308-IC-B1t632010
MOD1-FUNGI4 IFM_57143tMOD1-FUNGI4 IFM_57143tMOD1-FUNGI4 IFM_57143t167343
MOD1-FUNGI3 JCM22302tMOD1-FUNGI3 JCM22302tMOD1-FUNGI3 JCM22302t623756
MOD1-FUNGI3 RIB2631tMOD1-FUNGI3 RIB2631tMOD1-FUNGI3 RIB2631t165366
JCM22302 RIB2623tJCM22302 RIB2623tJCM22302 RIB2623t625867
MOD1-FUNGI3 RIB2036tMOD1-FUNGI3 RIB2036tMOD1-FUNGI3 RIB2036t161325
MOD1-FUNGI3 WU-2223LtMOD1-FUNGI3 WU-2223LtMOD1-FUNGI3 WU-2223Lt156546
JCM22302 NASAJPL_S_N-304-OC-P1tJCM22302 NASAJPL_S_N-304-OC-P1tJCM22302 NASAJPL_S_N-304-OC-P1t624469
MOD1-FUNGI3 IFM_57258tMOD1-FUNGI3 IFM_57258tMOD1-FUNGI3 IFM_57258t404701
MOD1-FUNGI4 IFM_54640tMOD1-FUNGI4 IFM_54640tMOD1-FUNGI4 IFM_54640t187001
JCM22302 WU-2223LtJCM22302 WU-2223LtJCM22302 WU-2223Lt631162
MOD1-FUNGI4 JCM22299tMOD1-FUNGI4 JCM22299tMOD1-FUNGI4 JCM22299t151721
MOD1-FUNGI4 JCM22294tMOD1-FUNGI4 JCM22294tMOD1-FUNGI4 JCM22294t151455
JCM22302 RIB2036tJCM22302 RIB2036tJCM22302 RIB2036t632185
MOD1-FUNGI4 IFM_61612tMOD1-FUNGI4 IFM_61612tMOD1-FUNGI4 IFM_61612t171087
JCM22302 IFM_57258tJCM22302 IFM_57258tJCM22302 IFM_57258t651925
JCM22302 MOD1-FUNGI4tJCM22302 MOD1-FUNGI4tJCM22302 MOD1-FUNGI4t624921
MOD1-FUNGI4 MOD1-FUNGI3tMOD1-FUNGI4 MOD1-FUNGI3tMOD1-FUNGI4 MOD1-FUNGI3t7759
MOD1-FUNGI4 IFM_57258tMOD1-FUNGI4 IFM_57258tMOD1-FUNGI4 IFM_57258t405466
MOD1-FUNGI4 NASAJPL_VS_III_B_KN_ttMOD1-FUNGI4 NASAJPL_VS_III_B_KN_ttMOD1-FUNGI4 NASAJPL_VS_III_B_KN_tt172671
MOD1-FUNGI4 JCM22295tMOD1-FUNGI4 JCM22295tMOD1-FUNGI4 JCM22295t423350
MOD1-FUNGI4 NASAJPL_JS3-R1tMOD1-FUNGI4 NASAJPL_JS3-R1tMOD1-FUNGI4 NASAJPL_JS3-R1t212444
MOD1-FUNGI4 NASAJPL_S_N-304-OC-P1tMOD1-FUNGI4 NASAJPL_S_N-304-OC-P1tMOD1-FUNGI4 NASAJPL_S_N-304-OC-P1t160772
NASAJPL_JS3-P2 DFAtNASAJPL_JS3-P2 DFAtNASAJPL_JS3-P2 DFAt193293
MOD1-FUNGI4 JCM22302tMOD1-FUNGI4 JCM22302tMOD1-FUNGI4 JCM22302t624921
MOD1-FUNGI4 NASAJPL_JS3-P2tMOD1-FUNGI4 NASAJPL_JS3-P2tMOD1-FUNGI4 NASAJPL_JS3-P2t201458
MOD1-FUNGI4 NASAJPL_S_N-302-OC-P2tMOD1-FUNGI4 NASAJPL_S_N-302-OC-P2tMOD1-FUNGI4 NASAJPL_S_N-302-OC-P2t134809
NASAJPL_JS3-P2 IFM_55763tNASAJPL_JS3-P2 IFM_55763tNASAJPL_JS3-P2 IFM_55763t220300
MOD1-FUNGI4 WU-2223LtMOD1-FUNGI4 WU-2223LtMOD1-FUNGI4 WU-2223Lt156465
NASAJPL_JS3-P2 CBS_134.48tNASAJPL_JS3-P2 CBS_134.48tNASAJPL_JS3-P2 CBS_134.48t240254
MOD1-FUNGI4 NRRL_4875tMOD1-FUNGI4 NRRL_4875tMOD1-FUNGI4 NRRL_4875t155770
MOD1-FUNGI4 NASAJPL_S_N-308-IC-B1tMOD1-FUNGI4 NASAJPL_S_N-308-IC-B1tMOD1-FUNGI4 NASAJPL_S_N-308-IC-B1t163187
MOD1-FUNGI4 RIB2631tMOD1-FUNGI4 RIB2631tMOD1-FUNGI4 RIB2631t166207
MOD1-FUNGI4 RIB2036tMOD1-FUNGI4 RIB2036tMOD1-FUNGI4 RIB2036t161320
NASAJPL_JS3-P2 IFM_54640tNASAJPL_JS3-P2 IFM_54640tNASAJPL_JS3-P2 IFM_54640t222945
NASAJPL_JS3-P2 IFM_57143tNASAJPL_JS3-P2 IFM_57143tNASAJPL_JS3-P2 IFM_57143t212959
MOD1-FUNGI4 RIB2623tMOD1-FUNGI4 RIB2623tMOD1-FUNGI4 RIB2623t152914
NASAJPL_JS3-P2 NASAJPL_S_N-302-OC-P2tNASAJPL_JS3-P2 NASAJPL_S_N-302-OC-P2tNASAJPL_JS3-P2 NASAJPL_S_N-302-OC-P2t197783
NASAJPL_JS3-P2 IFM_56815tNASAJPL_JS3-P2 IFM_56815tNASAJPL_JS3-P2 IFM_56815t218818
NASAJPL_JS3-P2 JCM22294tNASAJPL_JS3-P2 JCM22294tNASAJPL_JS3-P2 JCM22294t212225
NASAJPL_JS3-P2 JCM22299tNASAJPL_JS3-P2 JCM22299tNASAJPL_JS3-P2 JCM22299t211935
NASAJPL_JS3-P2 NASAJPL_VS_III_B_KN_ttNASAJPL_JS3-P2 NASAJPL_VS_III_B_KN_ttNASAJPL_JS3-P2 NASAJPL_VS_III_B_KN_tt218399
NASAJPL_JS3-P2 MOD1-FUNGI4tNASAJPL_JS3-P2 MOD1-FUNGI4tNASAJPL_JS3-P2 MOD1-FUNGI4t201458
NASAJPL_JS3-P2 IFM_61612tNASAJPL_JS3-P2 IFM_61612tNASAJPL_JS3-P2 IFM_61612t216705
NASAJPL_JS3-P2 NASAJPL_JS3-R1tNASAJPL_JS3-P2 NASAJPL_JS3-R1tNASAJPL_JS3-P2 NASAJPL_JS3-R1t101442
NASAJPL_JS3-P2 NASAJPL_S_N-304-OC-P1tNASAJPL_JS3-P2 NASAJPL_S_N-304-OC-P1tNASAJPL_JS3-P2 NASAJPL_S_N-304-OC-P1t211140
NASAJPL_JS3-P2 JCM22295tNASAJPL_JS3-P2 JCM22295tNASAJPL_JS3-P2 JCM22295t424538
NASAJPL_JS3-P2 IFM_57258tNASAJPL_JS3-P2 IFM_57258tNASAJPL_JS3-P2 IFM_57258t404336
NASAJPL_JS3-P2 NRRL_4875tNASAJPL_JS3-P2 NRRL_4875tNASAJPL_JS3-P2 NRRL_4875t215856
NASAJPL_JS3-P2 MOD1-FUNGI3tNASAJPL_JS3-P2 MOD1-FUNGI3tNASAJPL_JS3-P2 MOD1-FUNGI3t200313
NASAJPL_JS3-P2 NASAJPL_S_N-308-IC-B1tNASAJPL_JS3-P2 NASAJPL_S_N-308-IC-B1tNASAJPL_JS3-P2 NASAJPL_S_N-308-IC-B1t217189
NASAJPL_JS3-P2 RIB2631tNASAJPL_JS3-P2 RIB2631tNASAJPL_JS3-P2 RIB2631t158461
NASAJPL_JS3-P2 RIB2036tNASAJPL_JS3-P2 RIB2036tNASAJPL_JS3-P2 RIB2036t216450
NASAJPL_JS3-R1 DFAtNASAJPL_JS3-R1 DFAtNASAJPL_JS3-R1 DFAt136807
NASAJPL_JS3-P2 JCM22302tNASAJPL_JS3-P2 JCM22302tNASAJPL_JS3-P2 JCM22302t618009
NASAJPL_JS3-P2 WU-2223LtNASAJPL_JS3-P2 WU-2223LtNASAJPL_JS3-P2 WU-2223Lt217565
NASAJPL_JS3-R1 CBS_134.48tNASAJPL_JS3-R1 CBS_134.48tNASAJPL_JS3-R1 CBS_134.48t231800
NASAJPL_JS3-R1 IFM_55763tNASAJPL_JS3-R1 IFM_55763tNASAJPL_JS3-R1 IFM_55763t231210
NASAJPL_JS3-P2 RIB2623tNASAJPL_JS3-P2 RIB2623tNASAJPL_JS3-P2 RIB2623t213880
NASAJPL_JS3-R1 IFM_57143tNASAJPL_JS3-R1 IFM_57143tNASAJPL_JS3-R1 IFM_57143t222045
NASAJPL_JS3-R1 IFM_56815tNASAJPL_JS3-R1 IFM_56815tNASAJPL_JS3-R1 IFM_56815t227750
NASAJPL_JS3-R1 IFM_54640tNASAJPL_JS3-R1 IFM_54640tNASAJPL_JS3-R1 IFM_54640t230347
NASAJPL_JS3-R1 MOD1-FUNGI4tNASAJPL_JS3-R1 MOD1-FUNGI4tNASAJPL_JS3-R1 MOD1-FUNGI4t212444
NASAJPL_JS3-R1 JCM22294tNASAJPL_JS3-R1 JCM22294tNASAJPL_JS3-R1 JCM22294t216603
NASAJPL_JS3-R1 IFM_57258tNASAJPL_JS3-R1 IFM_57258tNASAJPL_JS3-R1 IFM_57258t400870
NASAJPL_JS3-R1 IFM_61612tNASAJPL_JS3-R1 IFM_61612tNASAJPL_JS3-R1 IFM_61612t225891
NASAJPL_S_N-302-OC-P2 DFAtNASAJPL_S_N-302-OC-P2 DFAtNASAJPL_S_N-302-OC-P2 DFAt181538
NASAJPL_JS3-R1 JCM22299tNASAJPL_JS3-R1 JCM22299tNASAJPL_JS3-R1 JCM22299t215963
NASAJPL_JS3-R1 NASAJPL_JS3-P2tNASAJPL_JS3-R1 NASAJPL_JS3-P2tNASAJPL_JS3-R1 NASAJPL_JS3-P2t101442
NASAJPL_JS3-R1 NASAJPL_S_N-302-OC-P2tNASAJPL_JS3-R1 NASAJPL_S_N-302-OC-P2tNASAJPL_JS3-R1 NASAJPL_S_N-302-OC-P2t191787
NASAJPL_JS3-R1 JCM22295tNASAJPL_JS3-R1 JCM22295tNASAJPL_JS3-R1 JCM22295t418346
NASAJPL_JS3-R1 MOD1-FUNGI3tNASAJPL_JS3-R1 MOD1-FUNGI3tNASAJPL_JS3-R1 MOD1-FUNGI3t211045
NASAJPL_S_N-302-OC-P2 IFM_54640tNASAJPL_S_N-302-OC-P2 IFM_54640tNASAJPL_S_N-302-OC-P2 IFM_54640t200294
NASAJPL_S_N-302-OC-P2 IFM_61612tNASAJPL_S_N-302-OC-P2 IFM_61612tNASAJPL_S_N-302-OC-P2 IFM_61612t189986
NASAJPL_JS3-R1 NASAJPL_S_N-304-OC-P1tNASAJPL_JS3-R1 NASAJPL_S_N-304-OC-P1tNASAJPL_JS3-R1 NASAJPL_S_N-304-OC-P1t209494
NASAJPL_JS3-R1 NRRL_4875tNASAJPL_JS3-R1 NRRL_4875tNASAJPL_JS3-R1 NRRL_4875t224518
NASAJPL_S_N-302-OC-P2 IFM_57143tNASAJPL_S_N-302-OC-P2 IFM_57143tNASAJPL_S_N-302-OC-P2 IFM_57143t185118
NASAJPL_JS3-R1 RIB2623tNASAJPL_JS3-R1 RIB2623tNASAJPL_JS3-R1 RIB2623t219314
NASAJPL_JS3-R1 NASAJPL_S_N-308-IC-B1tNASAJPL_JS3-R1 NASAJPL_S_N-308-IC-B1tNASAJPL_JS3-R1 NASAJPL_S_N-308-IC-B1t225463
NASAJPL_JS3-R1 NASAJPL_VS_III_B_KN_ttNASAJPL_JS3-R1 NASAJPL_VS_III_B_KN_ttNASAJPL_JS3-R1 NASAJPL_VS_III_B_KN_tt227001
NASAJPL_S_N-302-OC-P2 IFM_55763tNASAJPL_S_N-302-OC-P2 IFM_55763tNASAJPL_S_N-302-OC-P2 IFM_55763t175663
NASAJPL_JS3-R1 RIB2036tNASAJPL_JS3-R1 RIB2036tNASAJPL_JS3-R1 RIB2036t225964
NASAJPL_JS3-R1 WU-2223LtNASAJPL_JS3-R1 WU-2223LtNASAJPL_JS3-R1 WU-2223Lt224625
NASAJPL_JS3-R1 RIB2631tNASAJPL_JS3-R1 RIB2631tNASAJPL_JS3-R1 RIB2631t181303
NASAJPL_S_N-302-OC-P2 NASAJPL_JS3-R1tNASAJPL_S_N-302-OC-P2 NASAJPL_JS3-R1tNASAJPL_S_N-302-OC-P2 NASAJPL_JS3-R1t191787
NASAJPL_S_N-302-OC-P2 RIB2623tNASAJPL_S_N-302-OC-P2 RIB2623tNASAJPL_S_N-302-OC-P2 RIB2623t187221
NASAJPL_S_N-302-OC-P2 RIB2036tNASAJPL_S_N-302-OC-P2 RIB2036tNASAJPL_S_N-302-OC-P2 RIB2036t193175
NASAJPL_S_N-302-OC-P2 CBS_134.48tNASAJPL_S_N-302-OC-P2 CBS_134.48tNASAJPL_S_N-302-OC-P2 CBS_134.48t247839
NASAJPL_S_N-302-OC-P2 JCM22299tNASAJPL_S_N-302-OC-P2 JCM22299tNASAJPL_S_N-302-OC-P2 JCM22299t185894
NASAJPL_S_N-302-OC-P2 NASAJPL_S_N-304-OC-P1tNASAJPL_S_N-302-OC-P2 NASAJPL_S_N-304-OC-P1tNASAJPL_S_N-302-OC-P2 NASAJPL_S_N-304-OC-P1t179319
NASAJPL_S_N-304-OC-P1 IFM_55763tNASAJPL_S_N-304-OC-P1 IFM_55763tNASAJPL_S_N-304-OC-P1 IFM_55763t120166
NASAJPL_S_N-302-OC-P2 NASAJPL_VS_III_B_KN_ttNASAJPL_S_N-302-OC-P2 NASAJPL_VS_III_B_KN_ttNASAJPL_S_N-302-OC-P2 NASAJPL_VS_III_B_KN_tt195366
NASAJPL_S_N-302-OC-P2 MOD1-FUNGI3tNASAJPL_S_N-302-OC-P2 MOD1-FUNGI3tNASAJPL_S_N-302-OC-P2 MOD1-FUNGI3t133686
NASAJPL_S_N-302-OC-P2 NASAJPL_S_N-308-IC-B1tNASAJPL_S_N-302-OC-P2 NASAJPL_S_N-308-IC-B1tNASAJPL_S_N-302-OC-P2 NASAJPL_S_N-308-IC-B1t191188
NASAJPL_S_N-304-OC-P1 DFAtNASAJPL_S_N-304-OC-P1 DFAtNASAJPL_S_N-304-OC-P1 DFAt210109
NASAJPL_S_N-302-OC-P2 IFM_56815tNASAJPL_S_N-302-OC-P2 IFM_56815tNASAJPL_S_N-302-OC-P2 IFM_56815t192207
NASAJPL_S_N-302-OC-P2 JCM22294tNASAJPL_S_N-302-OC-P2 JCM22294tNASAJPL_S_N-302-OC-P2 JCM22294t186080
NASAJPL_S_N-302-OC-P2 RIB2631tNASAJPL_S_N-302-OC-P2 RIB2631tNASAJPL_S_N-302-OC-P2 RIB2631t187662
NASAJPL_S_N-304-OC-P1 JCM22299tNASAJPL_S_N-304-OC-P1 JCM22299tNASAJPL_S_N-304-OC-P1 JCM22299t124893
NASAJPL_JS3-R1 JCM22302tNASAJPL_JS3-R1 JCM22302tNASAJPL_JS3-R1 JCM22302t609565
NASAJPL_S_N-302-OC-P2 NRRL_4875tNASAJPL_S_N-302-OC-P2 NRRL_4875tNASAJPL_S_N-302-OC-P2 NRRL_4875t179761
NASAJPL_S_N-302-OC-P2 WU-2223LtNASAJPL_S_N-302-OC-P2 WU-2223LtNASAJPL_S_N-302-OC-P2 WU-2223Lt189326
NASAJPL_S_N-302-OC-P2 NASAJPL_JS3-P2tNASAJPL_S_N-302-OC-P2 NASAJPL_JS3-P2tNASAJPL_S_N-302-OC-P2 NASAJPL_JS3-P2t197783
NASAJPL_S_N-302-OC-P2 IFM_57258tNASAJPL_S_N-302-OC-P2 IFM_57258tNASAJPL_S_N-302-OC-P2 IFM_57258t402753
NASAJPL_S_N-304-OC-P1 IFM_54640tNASAJPL_S_N-304-OC-P1 IFM_54640tNASAJPL_S_N-304-OC-P1 IFM_54640t174415
NASAJPL_S_N-302-OC-P2 MOD1-FUNGI4tNASAJPL_S_N-302-OC-P2 MOD1-FUNGI4tNASAJPL_S_N-302-OC-P2 MOD1-FUNGI4t134809
NASAJPL_S_N-304-OC-P1 IFM_61612tNASAJPL_S_N-304-OC-P1 IFM_61612tNASAJPL_S_N-304-OC-P1 IFM_61612t144917
NASAJPL_S_N-304-OC-P1 CBS_134.48tNASAJPL_S_N-304-OC-P1 CBS_134.48tNASAJPL_S_N-304-OC-P1 CBS_134.48t252834
NASAJPL_S_N-304-OC-P1 IFM_57143tNASAJPL_S_N-304-OC-P1 IFM_57143tNASAJPL_S_N-304-OC-P1 IFM_57143t148991
NASAJPL_S_N-302-OC-P2 JCM22295tNASAJPL_S_N-302-OC-P2 JCM22295tNASAJPL_S_N-302-OC-P2 JCM22295t423173
NASAJPL_S_N-304-OC-P1 IFM_56815tNASAJPL_S_N-304-OC-P1 IFM_56815tNASAJPL_S_N-304-OC-P1 IFM_56815t151866
NASAJPL_S_N-304-OC-P1 JCM22294tNASAJPL_S_N-304-OC-P1 JCM22294tNASAJPL_S_N-304-OC-P1 JCM22294t124675
NASAJPL_S_N-304-OC-P1 NASAJPL_S_N-302-OC-P2tNASAJPL_S_N-304-OC-P1 NASAJPL_S_N-302-OC-P2tNASAJPL_S_N-304-OC-P1 NASAJPL_S_N-302-OC-P2t179319
NASAJPL_S_N-304-OC-P1 NASAJPL_JS3-P2tNASAJPL_S_N-304-OC-P1 NASAJPL_JS3-P2tNASAJPL_S_N-304-OC-P1 NASAJPL_JS3-P2t211140
NASAJPL_S_N-304-OC-P1 MOD1-FUNGI4tNASAJPL_S_N-304-OC-P1 MOD1-FUNGI4tNASAJPL_S_N-304-OC-P1 MOD1-FUNGI4t160772
NASAJPL_S_N-304-OC-P1 MOD1-FUNGI3tNASAJPL_S_N-304-OC-P1 MOD1-FUNGI3tNASAJPL_S_N-304-OC-P1 MOD1-FUNGI3t159963
NASAJPL_S_N-304-OC-P1 JCM22295tNASAJPL_S_N-304-OC-P1 JCM22295tNASAJPL_S_N-304-OC-P1 JCM22295t426220
NASAJPL_S_N-304-OC-P1 RIB2623tNASAJPL_S_N-304-OC-P1 RIB2623tNASAJPL_S_N-304-OC-P1 RIB2623t124474
NASAJPL_S_N-304-OC-P1 IFM_57258tNASAJPL_S_N-304-OC-P1 IFM_57258tNASAJPL_S_N-304-OC-P1 IFM_57258t406648
NASAJPL_S_N-304-OC-P1 NASAJPL_JS3-R1tNASAJPL_S_N-304-OC-P1 NASAJPL_JS3-R1tNASAJPL_S_N-304-OC-P1 NASAJPL_JS3-R1t209494
NASAJPL_S_N-304-OC-P1 NASAJPL_S_N-308-IC-B1tNASAJPL_S_N-304-OC-P1 NASAJPL_S_N-308-IC-B1tNASAJPL_S_N-304-OC-P1 NASAJPL_S_N-308-IC-B1t143133
NASAJPL_S_N-302-OC-P2 JCM22302tNASAJPL_S_N-302-OC-P2 JCM22302tNASAJPL_S_N-302-OC-P2 JCM22302t617778
NASAJPL_S_N-304-OC-P1 NASAJPL_VS_III_B_KN_ttNASAJPL_S_N-304-OC-P1 NASAJPL_VS_III_B_KN_ttNASAJPL_S_N-304-OC-P1 NASAJPL_VS_III_B_KN_tt157661
NASAJPL_S_N-304-OC-P1 NRRL_4875tNASAJPL_S_N-304-OC-P1 NRRL_4875tNASAJPL_S_N-304-OC-P1 NRRL_4875t113870
NASAJPL_S_N-304-OC-P1 WU-2223LtNASAJPL_S_N-304-OC-P1 WU-2223LtNASAJPL_S_N-304-OC-P1 WU-2223Lt123563
NASAJPL_S_N-304-OC-P1 RIB2631tNASAJPL_S_N-304-OC-P1 RIB2631tNASAJPL_S_N-304-OC-P1 RIB2631t200909
NASAJPL_S_N-304-OC-P1 RIB2036tNASAJPL_S_N-304-OC-P1 RIB2036tNASAJPL_S_N-304-OC-P1 RIB2036t128346
NASAJPL_S_N-308-IC-B1 DFAtNASAJPL_S_N-308-IC-B1 DFAtNASAJPL_S_N-308-IC-B1 DFAt248974
NASAJPL_S_N-308-IC-B1 IFM_54640tNASAJPL_S_N-308-IC-B1 IFM_54640tNASAJPL_S_N-308-IC-B1 IFM_54640t149358
NASAJPL_S_N-304-OC-P1 JCM22302tNASAJPL_S_N-304-OC-P1 JCM22302tNASAJPL_S_N-304-OC-P1 JCM22302t624469
NASAJPL_S_N-308-IC-B1 CBS_134.48tNASAJPL_S_N-308-IC-B1 CBS_134.48tNASAJPL_S_N-308-IC-B1 CBS_134.48t259907
NASAJPL_S_N-308-IC-B1 IFM_56815tNASAJPL_S_N-308-IC-B1 IFM_56815tNASAJPL_S_N-308-IC-B1 IFM_56815t130679
NASAJPL_S_N-308-IC-B1 IFM_55763tNASAJPL_S_N-308-IC-B1 IFM_55763tNASAJPL_S_N-308-IC-B1 IFM_55763t125353
NASAJPL_S_N-308-IC-B1 IFM_57143tNASAJPL_S_N-308-IC-B1 IFM_57143tNASAJPL_S_N-308-IC-B1 IFM_57143t132810
NASAJPL_S_N-308-IC-B1 JCM22299tNASAJPL_S_N-308-IC-B1 JCM22299tNASAJPL_S_N-308-IC-B1 JCM22299t109334
NASAJPL_S_N-308-IC-B1 NASAJPL_S_N-302-OC-P2tNASAJPL_S_N-308-IC-B1 NASAJPL_S_N-302-OC-P2tNASAJPL_S_N-308-IC-B1 NASAJPL_S_N-302-OC-P2t191188
NASAJPL_S_N-308-IC-B1 JCM22294tNASAJPL_S_N-308-IC-B1 JCM22294tNASAJPL_S_N-308-IC-B1 JCM22294t108576
NASAJPL_S_N-308-IC-B1 IFM_61612tNASAJPL_S_N-308-IC-B1 IFM_61612tNASAJPL_S_N-308-IC-B1 IFM_61612t111804
NASAJPL_S_N-308-IC-B1 MOD1-FUNGI3tNASAJPL_S_N-308-IC-B1 MOD1-FUNGI3tNASAJPL_S_N-308-IC-B1 MOD1-FUNGI3t163408
NASAJPL_S_N-308-IC-B1 NASAJPL_S_N-304-OC-P1tNASAJPL_S_N-308-IC-B1 NASAJPL_S_N-304-OC-P1tNASAJPL_S_N-308-IC-B1 NASAJPL_S_N-304-OC-P1t143133
NASAJPL_S_N-308-IC-B1 MOD1-FUNGI4tNASAJPL_S_N-308-IC-B1 MOD1-FUNGI4tNASAJPL_S_N-308-IC-B1 MOD1-FUNGI4t163187
NASAJPL_S_N-308-IC-B1 IFM_57258tNASAJPL_S_N-308-IC-B1 IFM_57258tNASAJPL_S_N-308-IC-B1 IFM_57258t409097
NASAJPL_S_N-308-IC-B1 NASAJPL_JS3-P2tNASAJPL_S_N-308-IC-B1 NASAJPL_JS3-P2tNASAJPL_S_N-308-IC-B1 NASAJPL_JS3-P2t217189
NASAJPL_S_N-308-IC-B1 RIB2623tNASAJPL_S_N-308-IC-B1 RIB2623tNASAJPL_S_N-308-IC-B1 RIB2623t107463
NASAJPL_S_N-308-IC-B1 NASAJPL_JS3-R1tNASAJPL_S_N-308-IC-B1 NASAJPL_JS3-R1tNASAJPL_S_N-308-IC-B1 NASAJPL_JS3-R1t225463
NASAJPL_S_N-308-IC-B1 NRRL_4875tNASAJPL_S_N-308-IC-B1 NRRL_4875tNASAJPL_S_N-308-IC-B1 NRRL_4875t136159
NASAJPL_S_N-308-IC-B1 JCM22295tNASAJPL_S_N-308-IC-B1 JCM22295tNASAJPL_S_N-308-IC-B1 JCM22295t433265
NASAJPL_S_N-308-IC-B1 RIB2036tNASAJPL_S_N-308-IC-B1 RIB2036tNASAJPL_S_N-308-IC-B1 RIB2036t119497
NASAJPL_S_N-308-IC-B1 NASAJPL_VS_III_B_KN_ttNASAJPL_S_N-308-IC-B1 NASAJPL_VS_III_B_KN_ttNASAJPL_S_N-308-IC-B1 NASAJPL_VS_III_B_KN_tt143202
NASAJPL_VS_III_B_KN_t IFM_54640tNASAJPL_VS_III_B_KN_t IFM_54640tNASAJPL_VS_III_B_KN_t IFM_54640t142218
NASAJPL_VS_III_B_KN_t DFAtNASAJPL_VS_III_B_KN_t DFAtNASAJPL_VS_III_B_KN_t DFAt252352
NASAJPL_VS_III_B_KN_t IFM_55763tNASAJPL_VS_III_B_KN_t IFM_55763tNASAJPL_VS_III_B_KN_t IFM_55763t153685
NASAJPL_S_N-308-IC-B1 JCM22302tNASAJPL_S_N-308-IC-B1 JCM22302tNASAJPL_S_N-308-IC-B1 JCM22302t632010
NASAJPL_S_N-308-IC-B1 WU-2223LtNASAJPL_S_N-308-IC-B1 WU-2223LtNASAJPL_S_N-308-IC-B1 WU-2223Lt104370
NASAJPL_VS_III_B_KN_t CBS_134.48tNASAJPL_VS_III_B_KN_t CBS_134.48tNASAJPL_VS_III_B_KN_t CBS_134.48t265477
NASAJPL_S_N-308-IC-B1 RIB2631tNASAJPL_S_N-308-IC-B1 RIB2631tNASAJPL_S_N-308-IC-B1 RIB2631t197260
NASAJPL_VS_III_B_KN_t IFM_56815tNASAJPL_VS_III_B_KN_t IFM_56815tNASAJPL_VS_III_B_KN_t IFM_56815t77701
NASAJPL_VS_III_B_KN_t IFM_57143tNASAJPL_VS_III_B_KN_t IFM_57143tNASAJPL_VS_III_B_KN_t IFM_57143t145472
NASAJPL_VS_III_B_KN_t IFM_61612tNASAJPL_VS_III_B_KN_t IFM_61612tNASAJPL_VS_III_B_KN_t IFM_61612t155208
NASAJPL_VS_III_B_KN_t MOD1-FUNGI4tNASAJPL_VS_III_B_KN_t MOD1-FUNGI4tNASAJPL_VS_III_B_KN_t MOD1-FUNGI4t172671
NASAJPL_VS_III_B_KN_t NASAJPL_JS3-P2tNASAJPL_VS_III_B_KN_t NASAJPL_JS3-P2tNASAJPL_VS_III_B_KN_t NASAJPL_JS3-P2t218399
NASAJPL_VS_III_B_KN_t MOD1-FUNGI3tNASAJPL_VS_III_B_KN_t MOD1-FUNGI3tNASAJPL_VS_III_B_KN_t MOD1-FUNGI3t172722
NASAJPL_VS_III_B_KN_t NASAJPL_JS3-R1tNASAJPL_VS_III_B_KN_t NASAJPL_JS3-R1tNASAJPL_VS_III_B_KN_t NASAJPL_JS3-R1t227001
NASAJPL_VS_III_B_KN_t NASAJPL_S_N-302-OC-P2tNASAJPL_VS_III_B_KN_t NASAJPL_S_N-302-OC-P2tNASAJPL_VS_III_B_KN_t NASAJPL_S_N-302-OC-P2t195366
NASAJPL_VS_III_B_KN_t JCM22294tNASAJPL_VS_III_B_KN_t JCM22294tNASAJPL_VS_III_B_KN_t JCM22294t147966
NASAJPL_VS_III_B_KN_t JCM22299tNASAJPL_VS_III_B_KN_t JCM22299tNASAJPL_VS_III_B_KN_t JCM22299t148290
NASAJPL_VS_III_B_KN_t NRRL_4875tNASAJPL_VS_III_B_KN_t NRRL_4875tNASAJPL_VS_III_B_KN_t NRRL_4875t144279
NASAJPL_VS_III_B_KN_t JCM22295tNASAJPL_VS_III_B_KN_t JCM22295tNASAJPL_VS_III_B_KN_t JCM22295t433115
NASAJPL_VS_III_B_KN_t NASAJPL_S_N-308-IC-B1tNASAJPL_VS_III_B_KN_t NASAJPL_S_N-308-IC-B1tNASAJPL_VS_III_B_KN_t NASAJPL_S_N-308-IC-B1t143202
NASAJPL_VS_III_B_KN_t RIB2036tNASAJPL_VS_III_B_KN_t RIB2036tNASAJPL_VS_III_B_KN_t RIB2036t153819
NRRL_4875 JCM22294tNRRL_4875 JCM22294tNRRL_4875 JCM22294t125249
NRRL_4875 IFM_56815tNRRL_4875 IFM_56815tNRRL_4875 IFM_56815t137690
NASAJPL_VS_III_B_KN_t WU-2223LtNASAJPL_VS_III_B_KN_t WU-2223LtNASAJPL_VS_III_B_KN_t WU-2223Lt146272
NASAJPL_VS_III_B_KN_t RIB2631tNASAJPL_VS_III_B_KN_t RIB2631tNASAJPL_VS_III_B_KN_t RIB2631t190618
NRRL_4875 IFM_57143tNRRL_4875 IFM_57143tNRRL_4875 IFM_57143t115497
NRRL_4875 NASAJPL_JS3-R1tNRRL_4875 NASAJPL_JS3-R1tNRRL_4875 NASAJPL_JS3-R1t224518
NASAJPL_VS_III_B_KN_t RIB2623tNASAJPL_VS_III_B_KN_t RIB2623tNASAJPL_VS_III_B_KN_t RIB2623t147463
NRRL_4875 DFAtNRRL_4875 DFAtNRRL_4875 DFAt248437
NASAJPL_VS_III_B_KN_t NASAJPL_S_N-304-OC-P1tNASAJPL_VS_III_B_KN_t NASAJPL_S_N-304-OC-P1tNASAJPL_VS_III_B_KN_t NASAJPL_S_N-304-OC-P1t157661
NRRL_4875 NASAJPL_JS3-P2tNRRL_4875 NASAJPL_JS3-P2tNRRL_4875 NASAJPL_JS3-P2t215856
NRRL_4875 IFM_54640tNRRL_4875 IFM_54640tNRRL_4875 IFM_54640t167883
NRRL_4875 CBS_134.48tNRRL_4875 CBS_134.48tNRRL_4875 CBS_134.48t270712
NRRL_4875 IFM_55763tNRRL_4875 IFM_55763tNRRL_4875 IFM_55763t113622
NRRL_4875 NASAJPL_S_N-304-OC-P1tNRRL_4875 NASAJPL_S_N-304-OC-P1tNRRL_4875 NASAJPL_S_N-304-OC-P1t113870
NASAJPL_VS_III_B_KN_t IFM_57258tNASAJPL_VS_III_B_KN_t IFM_57258tNASAJPL_VS_III_B_KN_t IFM_57258t408203
NRRL_4875 JCM22299tNRRL_4875 JCM22299tNRRL_4875 JCM22299t125899
NRRL_4875 NASAJPL_S_N-302-OC-P2tNRRL_4875 NASAJPL_S_N-302-OC-P2tNRRL_4875 NASAJPL_S_N-302-OC-P2t179761
NRRL_4875 IFM_61612tNRRL_4875 IFM_61612tNRRL_4875 IFM_61612t119275
NRRL_4875 MOD1-FUNGI3tNRRL_4875 MOD1-FUNGI3tNRRL_4875 MOD1-FUNGI3t155369
RIB2036 IFM_56815tRIB2036 IFM_56815tRIB2036 IFM_56815t143398
NASAJPL_VS_III_B_KN_t JCM22302tNASAJPL_VS_III_B_KN_t JCM22302tNASAJPL_VS_III_B_KN_t JCM22302t633890
RIB2036 DFAtRIB2036 DFAtRIB2036 DFAt253353
NRRL_4875 RIB2631tNRRL_4875 RIB2631tNRRL_4875 RIB2631t192803
NRRL_4875 RIB2036tNRRL_4875 RIB2036tNRRL_4875 RIB2036t127226
NRRL_4875 NASAJPL_S_N-308-IC-B1tNRRL_4875 NASAJPL_S_N-308-IC-B1tNRRL_4875 NASAJPL_S_N-308-IC-B1t136159
RIB2036 CBS_134.48tRIB2036 CBS_134.48tRIB2036 CBS_134.48t262986
NRRL_4875 RIB2623tNRRL_4875 RIB2623tNRRL_4875 RIB2623t124654
RIB2036 IFM_57143tRIB2036 IFM_57143tRIB2036 IFM_57143t133685
NRRL_4875 MOD1-FUNGI4tNRRL_4875 MOD1-FUNGI4tNRRL_4875 MOD1-FUNGI4t155770
NRRL_4875 NASAJPL_VS_III_B_KN_ttNRRL_4875 NASAJPL_VS_III_B_KN_ttNRRL_4875 NASAJPL_VS_III_B_KN_tt144279
NRRL_4875 WU-2223LtNRRL_4875 WU-2223LtNRRL_4875 WU-2223Lt123803
RIB2036 IFM_54640tRIB2036 IFM_54640tRIB2036 IFM_54640t145929
RIB2036 JCM22294tRIB2036 JCM22294tRIB2036 JCM22294t115139
NRRL_4875 JCM22295tNRRL_4875 JCM22295tNRRL_4875 JCM22295t435124
RIB2036 IFM_61612tRIB2036 IFM_61612tRIB2036 IFM_61612t124989
RIB2036 IFM_55763tRIB2036 IFM_55763tRIB2036 IFM_55763t104748
NRRL_4875 IFM_57258tNRRL_4875 IFM_57258tNRRL_4875 IFM_57258t413724
RIB2036 MOD1-FUNGI4tRIB2036 MOD1-FUNGI4tRIB2036 MOD1-FUNGI4t161320
RIB2036 NRRL_4875tRIB2036 NRRL_4875tRIB2036 NRRL_4875t127226
RIB2036 NASAJPL_S_N-308-IC-B1tRIB2036 NASAJPL_S_N-308-IC-B1tRIB2036 NASAJPL_S_N-308-IC-B1t119497
NRRL_4875 JCM22302tNRRL_4875 JCM22302tNRRL_4875 JCM22302t631829
RIB2036 NASAJPL_JS3-P2tRIB2036 NASAJPL_JS3-P2tRIB2036 NASAJPL_JS3-P2t216450
RIB2036 RIB2623tRIB2036 RIB2623tRIB2036 RIB2623t113634
RIB2036 MOD1-FUNGI3tRIB2036 MOD1-FUNGI3tRIB2036 MOD1-FUNGI3t161325
RIB2036 JCM22299tRIB2036 JCM22299tRIB2036 JCM22299t115987
RIB2036 NASAJPL_S_N-302-OC-P2tRIB2036 NASAJPL_S_N-302-OC-P2tRIB2036 NASAJPL_S_N-302-OC-P2t193175
RIB2036 WU-2223LtRIB2036 WU-2223LtRIB2036 WU-2223Lt112659
RIB2036 NASAJPL_JS3-R1tRIB2036 NASAJPL_JS3-R1tRIB2036 NASAJPL_JS3-R1t225964
RIB2623 DFAtRIB2623 DFAtRIB2623 DFAt239021
RIB2036 NASAJPL_S_N-304-OC-P1tRIB2036 NASAJPL_S_N-304-OC-P1tRIB2036 NASAJPL_S_N-304-OC-P1t128346
RIB2036 RIB2631tRIB2036 RIB2631tRIB2036 RIB2631t191915
RIB2036 NASAJPL_VS_III_B_KN_ttRIB2036 NASAJPL_VS_III_B_KN_ttRIB2036 NASAJPL_VS_III_B_KN_tt153819
RIB2036 JCM22295tRIB2036 JCM22295tRIB2036 JCM22295t432398
RIB2036 IFM_57258tRIB2036 IFM_57258tRIB2036 IFM_57258t410098
RIB2623 CBS_134.48tRIB2623 CBS_134.48tRIB2623 CBS_134.48t256590
RIB2623 IFM_54640tRIB2623 IFM_54640tRIB2623 IFM_54640t157737
RIB2623 IFM_56815tRIB2623 IFM_56815tRIB2623 IFM_56815t125672
RIB2623 IFM_55763tRIB2623 IFM_55763tRIB2623 IFM_55763t124900
RIB2623 IFM_57143tRIB2623 IFM_57143tRIB2623 IFM_57143t116829
RIB2623 JCM22294tRIB2623 JCM22294tRIB2623 JCM22294t4757
RIB2036 JCM22302tRIB2036 JCM22302tRIB2036 JCM22302t632185
RIB2623 JCM22299tRIB2623 JCM22299tRIB2623 JCM22299t5837
RIB2623 IFM_61612tRIB2623 IFM_61612tRIB2623 IFM_61612t113475
RIB2623 MOD1-FUNGI3tRIB2623 MOD1-FUNGI3tRIB2623 MOD1-FUNGI3t152109
RIB2623 MOD1-FUNGI4tRIB2623 MOD1-FUNGI4tRIB2623 MOD1-FUNGI4t152914
RIB2623 NASAJPL_S_N-304-OC-P1tRIB2623 NASAJPL_S_N-304-OC-P1tRIB2623 NASAJPL_S_N-304-OC-P1t124474
RIB2623 NASAJPL_JS3-R1tRIB2623 NASAJPL_JS3-R1tRIB2623 NASAJPL_JS3-R1t219314
RIB2623 NASAJPL_S_N-308-IC-B1tRIB2623 NASAJPL_S_N-308-IC-B1tRIB2623 NASAJPL_S_N-308-IC-B1t107463
RIB2623 JCM22295tRIB2623 JCM22295tRIB2623 JCM22295t426158
RIB2623 IFM_57258tRIB2623 IFM_57258tRIB2623 IFM_57258t406640
RIB2623 RIB2036tRIB2623 RIB2036tRIB2623 RIB2036t113634
RIB2623 WU-2223LtRIB2623 WU-2223LtRIB2623 WU-2223Lt8825
RIB2623 NASAJPL_S_N-302-OC-P2tRIB2623 NASAJPL_S_N-302-OC-P2tRIB2623 NASAJPL_S_N-302-OC-P2t187221
RIB2623 NASAJPL_JS3-P2tRIB2623 NASAJPL_JS3-P2tRIB2623 NASAJPL_JS3-P2t213880
RIB2623 NASAJPL_VS_III_B_KN_ttRIB2623 NASAJPL_VS_III_B_KN_ttRIB2623 NASAJPL_VS_III_B_KN_tt147463
RIB2623 NRRL_4875tRIB2623 NRRL_4875tRIB2623 NRRL_4875t124654
RIB2631 DFAtRIB2631 DFAtRIB2631 DFAt245044
RIB2623 RIB2631tRIB2623 RIB2631tRIB2623 RIB2631t189819
RIB2631 CBS_134.48tRIB2631 CBS_134.48tRIB2631 CBS_134.48t257731
RIB2631 IFM_56815tRIB2631 IFM_56815tRIB2631 IFM_56815t196439
RIB2631 IFM_55763tRIB2631 IFM_55763tRIB2631 IFM_55763t189205
RIB2631 IFM_54640tRIB2631 IFM_54640tRIB2631 IFM_54640t206246
RIB2631 IFM_57143tRIB2631 IFM_57143tRIB2631 IFM_57143t188958
RIB2631 MOD1-FUNGI4tRIB2631 MOD1-FUNGI4tRIB2631 MOD1-FUNGI4t166207
RIB2631 NASAJPL_S_N-302-OC-P2tRIB2631 NASAJPL_S_N-302-OC-P2tRIB2631 NASAJPL_S_N-302-OC-P2t187662
RIB2631 NASAJPL_JS3-R1tRIB2631 NASAJPL_JS3-R1tRIB2631 NASAJPL_JS3-R1t181303
RIB2631 JCM22294tRIB2631 JCM22294tRIB2631 JCM22294t188166
RIB2631 IFM_61612tRIB2631 IFM_61612tRIB2631 IFM_61612t192316
RIB2631 JCM22299tRIB2631 JCM22299tRIB2631 JCM22299t188366
WU-2223L JCM22299tWU-2223L JCM22299tWU-2223L JCM22299t12168
WU-2223L RIB2623tWU-2223L RIB2623tWU-2223L RIB2623t8825
RIB2631 MOD1-FUNGI3tRIB2631 MOD1-FUNGI3tRIB2631 MOD1-FUNGI3t165366
WU-2223L DFAtWU-2223L DFAtWU-2223L DFAt244214
RIB2623 JCM22302tRIB2623 JCM22302tRIB2623 JCM22302t625867
RIB2631 NASAJPL_S_N-308-IC-B1tRIB2631 NASAJPL_S_N-308-IC-B1tRIB2631 NASAJPL_S_N-308-IC-B1t197260
RIB2631 NASAJPL_S_N-304-OC-P1tRIB2631 NASAJPL_S_N-304-OC-P1tRIB2631 NASAJPL_S_N-304-OC-P1t200909
WU-2223L IFM_54640tWU-2223L IFM_54640tWU-2223L IFM_54640t155868
WU-2223L NASAJPL_S_N-308-IC-B1tWU-2223L NASAJPL_S_N-308-IC-B1tWU-2223L NASAJPL_S_N-308-IC-B1t104370
WU-2223L IFM_61612tWU-2223L IFM_61612tWU-2223L IFM_61612t110636
WU-2223L IFM_55763tWU-2223L IFM_55763tWU-2223L IFM_55763t120517
WU-2223L JCM22294tWU-2223L JCM22294tWU-2223L JCM22294t11084
WU-2223L NASAJPL_S_N-302-OC-P2tWU-2223L NASAJPL_S_N-302-OC-P2tWU-2223L NASAJPL_S_N-302-OC-P2t189326
WU-2223L MOD1-FUNGI3tWU-2223L MOD1-FUNGI3tWU-2223L MOD1-FUNGI3t156546
RIB2631 NASAJPL_VS_III_B_KN_ttRIB2631 NASAJPL_VS_III_B_KN_ttRIB2631 NASAJPL_VS_III_B_KN_tt190618
WU-2223L NASAJPL_JS3-R1tWU-2223L NASAJPL_JS3-R1tWU-2223L NASAJPL_JS3-R1t224625
WU-2223L NRRL_4875tWU-2223L NRRL_4875tWU-2223L NRRL_4875t123803
WU-2223L MOD1-FUNGI4tWU-2223L MOD1-FUNGI4tWU-2223L MOD1-FUNGI4t156465
WU-2223L NASAJPL_VS_III_B_KN_ttWU-2223L NASAJPL_VS_III_B_KN_ttWU-2223L NASAJPL_VS_III_B_KN_tt146272
WU-2223L RIB2631tWU-2223L RIB2631tWU-2223L RIB2631t195108
WU-2223L NASAJPL_JS3-P2tWU-2223L NASAJPL_JS3-P2tWU-2223L NASAJPL_JS3-P2t217565
RIB2631 NASAJPL_JS3-P2tRIB2631 NASAJPL_JS3-P2tRIB2631 NASAJPL_JS3-P2t158461
WU-2223L IFM_56815tWU-2223L IFM_56815tWU-2223L IFM_56815t123733
WU-2223L CBS_134.48tWU-2223L CBS_134.48tWU-2223L CBS_134.48t256517
RIB2631 RIB2623tRIB2631 RIB2623tRIB2631 RIB2623t189819
WU-2223L IFM_57143tWU-2223L IFM_57143tWU-2223L IFM_57143t116592
RIB2631 NRRL_4875tRIB2631 NRRL_4875tRIB2631 NRRL_4875t192803
RIB2631 WU-2223LtRIB2631 WU-2223LtRIB2631 WU-2223Lt195108
RIB2631 RIB2036tRIB2631 RIB2036tRIB2631 RIB2036t191915
WU-2223L RIB2036tWU-2223L RIB2036tWU-2223L RIB2036t112659
WU-2223L NASAJPL_S_N-304-OC-P1tWU-2223L NASAJPL_S_N-304-OC-P1tWU-2223L NASAJPL_S_N-304-OC-P1t123563
RIB2631 JCM22295tRIB2631 JCM22295tRIB2631 JCM22295t429385
RIB2631 IFM_57258tRIB2631 IFM_57258tRIB2631 IFM_57258t407545
WU-2223L JCM22295tWU-2223L JCM22295tWU-2223L JCM22295t431433
WU-2223L IFM_57258tWU-2223L IFM_57258tWU-2223L IFM_57258t408959
RIB2631 JCM22302tRIB2631 JCM22302tRIB2631 JCM22302t623952
WU-2223L JCM22302tWU-2223L JCM22302tWU-2223L JCM22302t631162
